user_id,case_id,upload_times,every_scores,scores_change,final_score,test_cases_number
3544,2172,4,100.0|100.0|100.0|100.0,0.0|0.0|0.0,100,5
3544,2176,4,0.0|50.0|50.0|50.0,50.0|0.0|0.0,50,2
3544,2307,1,25.0,,25,4
3544,2450,2,20.0|20.0,0.0,20,5
3544,2456,5,100.0|100.0|100.0|100.0|100.0,0.0|0.0|0.0|0.0,100,5
3544,2804,2,0.0|0.0,0.0,0,6
3544,2908,6,40.0|0.0|0.0|0.0|0.0|0.0,-40.0|0.0|0.0|0.0|0.0,40,5
48117,2061,1,100.0,,100,1
48117,2063,1,100.0,,100,3
48117,2064,1,100.0,,100,4
48117,2065,3,0.0|25.0|100.0,25.0|75.0,100,4
48117,2067,4,75.0|0.0|75.0|100.0,-75.0|75.0|25.0,100,4
48117,2068,1,100.0,,100,2
48117,2069,3,100.0|50.0|100.0,-50.0|50.0,100,2
48117,2070,8,0.0|0.0|0.0|0.0|33.33|66.67|66.67|100.0,0.0|0.0|0.0|33.33|33.34|0.0|33.33,100,3
48117,2080,10,0.0|0.0|0.0|0.0|0.0|0.0|0.0|0.0|0.0|0.0,0.0|0.0|0.0|0.0|0.0|0.0|0.0|0.0|0.0,0,1
48117,2081,6,0.0|75.0|75.0|100.0|75.0|100.0,75.0|0.0|25.0|-25.0|25.0,100,4
48117,2084,13,0.0|0.0|0.0|10.0|20.0|30.0|40.0|50.0|60.0|70.0|80.0|90.0|100.0,0.0|0.0|10.0|10.0|10.0|10.0|10.0|10.0|10.0|10.0|10.0|10.0,100,10
48117,2085,12,0.0|0.0|0.0|11.11|22.22|33.33|44.44|55.56|66.67|77.78|88.89|100.0,0.0|0.0|11.11|11.11|11.11|11.11|11.120000000000005|11.11|11.11|11.11|11.11,100,9
48117,2086,5,0.0|0.0|33.33|66.67|100.0,0.0|33.33|33.34|33.33,100,3
48117,2087,21,0.0|45.45|0.0|45.45|45.45|54.55|54.55|45.45|0.0|9.09|18.18|27.27|27.27|36.36|45.45|54.55|63.64|72.73|81.82|90.91|100.0,45.45|-45.45|45.45|0.0|9.099999999999994|0.0|-9.099999999999994|-45.45|9.09|9.09|9.09|0.0|9.09|9.090000000000003|9.099999999999994|9.090000000000003|9.090000000000003|9.08999999999999|9.090000000000003|9.090000000000003,100,11
48117,2088,16,0.0|0.0|10.0|20.0|20.0|20.0|30.0|40.0|40.0|40.0|50.0|60.0|70.0|80.0|90.0|100.0,0.0|10.0|10.0|0.0|0.0|10.0|10.0|0.0|0.0|10.0|10.0|10.0|10.0|10.0|10.0,100,10
48117,2093,1,100.0,,100,2
48117,2094,1,100.0,,100,4
48117,2095,1,100.0,,100,2
48117,2096,1,100.0,,100,2
48117,2097,14,50.0|50.0|50.0|0.0|0.0|50.0|0.0|0.0|0.0|0.0|0.0|50.0|50.0|100.0,0.0|0.0|-50.0|0.0|50.0|-50.0|0.0|0.0|0.0|0.0|50.0|0.0|50.0,100,4
48117,2098,8,66.67|0.0|33.33|33.33|0.0|0.0|66.67|100.0,-66.67|33.33|0.0|-33.33|0.0|66.67|33.33,100,3
48117,2099,4,100.0|100.0|100.0|100.0,0.0|0.0|0.0,100,4
48117,2100,1,100.0,,100,3
48117,2105,2,0.0|100.0,100.0,100,1
48117,2106,3,66.67|66.67|100.0,0.0|33.33,100,3
48117,2108,1,100.0,,100,3
48117,2109,2,0.0|100.0,100.0,100,3
48117,2110,1,100.0,,100,3
48117,2111,5,66.67|66.67|66.67|66.67|100.0,0.0|0.0|0.0|33.33,100,3
48117,2113,2,0.0|0.0,0.0,0,4
48117,2114,3,66.67|66.67|100.0,0.0|33.33,100,3
48117,2116,7,0.0|0.0|0.0|0.0|0.0|0.0|100.0,0.0|0.0|0.0|0.0|0.0|100.0,100,1
48117,2117,1,100.0,,100,2
48117,2120,1,100.0,,100,3
48117,2121,8,0.0|0.0|0.0|25.0|0.0|25.0|25.0|100.0,0.0|0.0|25.0|-25.0|25.0|0.0|75.0,100,4
48117,2122,1,100.0,,100,3
48117,2127,1,100.0,,100,3
48117,2134,1,100.0,,100,2
48117,2140,6,20.0|40.0|60.0|60.0|80.0|100.0,20.0|20.0|0.0|20.0|20.0,100,5
48117,2141,2,0.0|100.0,100.0,100,2
48117,2142,4,0.0|0.0|0.0|100.0,0.0|0.0|100.0,100,3
48117,2145,1,100.0,,100,1
48117,2152,9,0.0|0.0|0.0|0.0|0.0|0.0|0.0|0.0|100.0,0.0|0.0|0.0|0.0|0.0|0.0|0.0|100.0,100,3
48117,2153,4,66.67|66.67|66.67|100.0,0.0|0.0|33.33,100,3
48117,2164,5,0.0|0.0|0.0|0.0|100.0,0.0|0.0|0.0|100.0,100,2
48117,2169,10,0.0|0.0|0.0|0.0|0.0|0.0|25.0|50.0|75.0|100.0,0.0|0.0|0.0|0.0|0.0|25.0|25.0|25.0|25.0,100,4
48117,2171,5,0.0|0.0|0.0|0.0|100.0,0.0|0.0|0.0|100.0,100,3
48117,2173,1,100.0,,100,5
48117,2176,14,0.0|0.0|0.0|0.0|0.0|0.0|0.0|50.0|50.0|50.0|50.0|50.0|50.0|100.0,0.0|0.0|0.0|0.0|0.0|0.0|50.0|0.0|0.0|0.0|0.0|0.0|50.0,100,2
48117,2177,1,100.0,,100,10
48117,2179,1,100.0,,100,1
48117,2180,26,0.0|20.0|0.0|0.0|20.0|0.0|20.0|0.0|0.0|20.0|20.0|40.0|40.0|20.0|0.0|0.0|0.0|100.0|0.0|0.0|20.0|20.0|20.0|20.0|0.0|100.0,20.0|-20.0|0.0|20.0|-20.0|20.0|-20.0|0.0|20.0|0.0|20.0|0.0|-20.0|-20.0|0.0|0.0|100.0|-100.0|0.0|20.0|0.0|0.0|0.0|-20.0|100.0,100,5
48117,2181,10,0.0|0.0|0.0|25.0|0.0|25.0|50.0|75.0|0.0|100.0,0.0|0.0|25.0|-25.0|25.0|25.0|25.0|-75.0|100.0,100,4
48117,2182,8,0.0|0.0|0.0|0.0|0.0|0.0|0.0|100.0,0.0|0.0|0.0|0.0|0.0|0.0|100.0,100,5
48117,2183,2,0.0|100.0,100.0,100,4
48117,2184,1,100.0,,100,4
48117,2185,1,25.0,,25,4
48117,2186,1,100.0,,100,4
48117,2188,17,0.0|0.0|0.0|0.0|0.0|0.0|0.0|0.0|0.0|0.0|0.0|0.0|0.0|0.0|50.0|50.0|100.0,0.0|0.0|0.0|0.0|0.0|0.0|0.0|0.0|0.0|0.0|0.0|0.0|0.0|50.0|0.0|50.0,100,2
48117,2190,15,0.0|0.0|0.0|0.0|0.0|0.0|0.0|0.0|0.0|0.0|83.33|100.0|0.0|83.33|100.0,0.0|0.0|0.0|0.0|0.0|0.0|0.0|0.0|0.0|83.33|16.67|-100.0|83.33|16.67,100,6
48117,2198,39,0.0|0.0|0.0|0.0|0.0|0.0|0.0|0.0|40.0|40.0|40.0|40.0|40.0|40.0|40.0|40.0|40.0|40.0|40.0|40.0|40.0|40.0|40.0|40.0|40.0|40.0|40.0|40.0|40.0|40.0|40.0|40.0|40.0|40.0|40.0|40.0|40.0|0.0|0.0,0.0|0.0|0.0|0.0|0.0|0.0|0.0|40.0|0.0|0.0|0.0|0.0|0.0|0.0|0.0|0.0|0.0|0.0|0.0|0.0|0.0|0.0|0.0|0.0|0.0|0.0|0.0|0.0|0.0|0.0|0.0|0.0|0.0|0.0|0.0|0.0|-40.0|0.0,0,5
48117,2199,50,0.0|30.0|30.0|50.0|0.0|0.0|30.0|0.0|30.0|0.0|50.0|50.0|0.0|50.0|40.0|50.0|40.0|50.0|20.0|30.0|90.0|90.0|80.0|0.0|90.0|80.0|80.0|0.0|0.0|0.0|90.0|90.0|90.0|0.0|0.0|10.0|20.0|30.0|40.0|50.0|0.0|60.0|60.0|70.0|80.0|90.0|0.0|90.0|80.0|100.0,30.0|0.0|20.0|-50.0|0.0|30.0|-30.0|30.0|-30.0|50.0|0.0|-50.0|50.0|-10.0|10.0|-10.0|10.0|-30.0|10.0|60.0|0.0|-10.0|-80.0|90.0|-10.0|0.0|-80.0|0.0|0.0|90.0|0.0|0.0|-90.0|0.0|10.0|10.0|10.0|10.0|10.0|-50.0|60.0|0.0|10.0|10.0|10.0|-90.0|90.0|-10.0|20.0,100,10
48117,2200,13,0.0|0.0|0.0|0.0|0.0|0.0|0.0|0.0|0.0|10.0|0.0|100.0|100.0,0.0|0.0|0.0|0.0|0.0|0.0|0.0|0.0|10.0|-10.0|100.0|0.0,100,10
48117,2203,11,0.0|0.0|0.0|0.0|0.0|0.0|0.0|0.0|0.0|0.0|0.0,0.0|0.0|0.0|0.0|0.0|0.0|0.0|0.0|0.0|0.0,0,3
48117,2209,9,0.0|0.0|20.0|20.0|40.0|40.0|60.0|80.0|100.0,0.0|20.0|0.0|20.0|0.0|20.0|20.0|20.0,100,5
48117,2211,25,40.0|40.0|40.0|20.0|0.0|60.0|60.0|60.0|60.0|60.0|60.0|80.0|80.0|80.0|80.0|20.0|60.0|60.0|60.0|60.0|60.0|60.0|0.0|60.0|100.0,0.0|0.0|-20.0|-20.0|60.0|0.0|0.0|0.0|0.0|0.0|20.0|0.0|0.0|0.0|-60.0|40.0|0.0|0.0|0.0|0.0|0.0|-60.0|60.0|40.0,100,5
48117,2212,2,0.0|100.0,100.0,100,2
48117,2252,7,0.0|0.0|0.0|0.0|25.0|0.0|100.0,0.0|0.0|0.0|25.0|-25.0|100.0,100,4
48117,2278,2,0.0|100.0,100.0,100,4
48117,2279,2,80.0|100.0,20.0,100,5
48117,2280,2,0.0|100.0,100.0,100,3
48117,2283,1,100.0,,100,5
48117,2307,4,50.0|50.0|0.0|100.0,0.0|-50.0|100.0,100,4
48117,2338,3,0.0|25.0|100.0,25.0|75.0,100,4
48117,2339,32,0.0|0.0|33.33|50.0|33.33|0.0|0.0|0.0|0.0|0.0|33.33|33.33|50.0|33.33|0.0|50.0|33.33|50.0|33.33|50.0|16.67|0.0|0.0|66.67|83.33|83.33|50.0|83.33|83.33|83.33|66.67|100.0,0.0|33.33|16.67|-16.67|-33.33|0.0|0.0|0.0|0.0|33.33|0.0|16.67|-16.67|-33.33|50.0|-16.67|16.67|-16.67|16.67|-33.33|-16.67|0.0|66.67|16.659999999999997|0.0|-33.33|33.33|0.0|0.0|-16.659999999999997|33.33,100,6
48117,2340,1,100.0,,100,4
48117,2341,6,0.0|80.0|80.0|80.0|80.0|100.0,80.0|0.0|0.0|0.0|20.0,100,5
48117,2342,15,0.0|0.0|0.0|0.0|0.0|0.0|0.0|0.0|0.0|0.0|0.0|0.0|0.0|0.0|100.0,0.0|0.0|0.0|0.0|0.0|0.0|0.0|0.0|0.0|0.0|0.0|0.0|0.0|100.0,100,3
48117,2344,6,0.0|0.0|0.0|0.0|0.0|100.0,0.0|0.0|0.0|0.0|100.0,100,5
48117,2345,6,0.0|83.33|0.0|0.0|0.0|100.0,83.33|-83.33|0.0|0.0|100.0,100,6
48117,2346,10,0.0|0.0|0.0|0.0|0.0|0.0|0.0|0.0|100.0|100.0,0.0|0.0|0.0|0.0|0.0|0.0|0.0|100.0|0.0,100,3
48117,2356,10,0.0|0.0|0.0|0.0|0.0|0.0|0.0|0.0|0.0|100.0,0.0|0.0|0.0|0.0|0.0|0.0|0.0|0.0|100.0,100,5
48117,2357,2,0.0|100.0,100.0,100,3
48117,2358,6,0.0|0.0|0.0|0.0|0.0|100.0,0.0|0.0|0.0|0.0|100.0,100,4
48117,2359,1,100.0,,100,4
48117,2371,3,0.0|0.0|100.0,0.0|100.0,100,4
48117,2373,9,0.0|0.0|0.0|25.0|25.0|75.0|75.0|100.0|100.0,0.0|0.0|25.0|0.0|50.0|0.0|25.0|0.0,100,4
48117,2386,4,50.0|50.0|75.0|100.0,0.0|25.0|25.0,100,4
48117,2387,4,25.0|25.0|25.0|100.0,0.0|0.0|75.0,100,4
48117,2388,1,100.0,,100,4
48117,2389,9,0.0|0.0|0.0|0.0|0.0|0.0|0.0|0.0|100.0,0.0|0.0|0.0|0.0|0.0|0.0|0.0|100.0,100,4
48117,2392,1,100.0,,100,4
48117,2394,2,0.0|100.0,100.0,100,4
48117,2395,8,0.0|0.0|0.0|0.0|0.0|0.0|25.0|100.0,0.0|0.0|0.0|0.0|0.0|25.0|75.0,100,4
48117,2396,4,0.0|0.0|0.0|100.0,0.0|0.0|100.0,100,3
48117,2412,12,0.0|0.0|0.0|0.0|0.0|0.0|33.33|33.33|66.67|66.67|66.67|100.0,0.0|0.0|0.0|0.0|0.0|33.33|0.0|33.34|0.0|0.0|33.33,100,3
48117,2423,1,100.0,,100,5
48117,2424,1,100.0,,100,4
48117,2425,3,0.0|0.0|100.0,0.0|100.0,100,4
48117,2426,1,100.0,,100,5
48117,2438,1,100.0,,100,5
48117,2440,1,100.0,,100,5
48117,2441,1,100.0,,100,5
48117,2442,1,100.0,,100,5
48117,2444,3,0.0|66.67|100.0,66.67|33.33,100,3
48117,2445,3,0.0|0.0|100.0,0.0|100.0,100,5
48117,2449,4,0.0|0.0|0.0|100.0,0.0|0.0|100.0,100,6
48117,2450,19,80.0|80.0|80.0|80.0|60.0|80.0|80.0|80.0|60.0|60.0|60.0|60.0|60.0|80.0|80.0|0.0|0.0|100.0|100.0,0.0|0.0|0.0|-20.0|20.0|0.0|0.0|-20.0|0.0|0.0|0.0|0.0|20.0|0.0|-80.0|0.0|100.0|0.0,100,5
48117,2451,3,20.0|40.0|100.0,20.0|60.0,100,5
48117,2453,1,100.0,,100,5
48117,2454,4,0.0|50.0|50.0|100.0,50.0|0.0|50.0,100,6
48117,2461,1,100.0,,100,5
48117,2462,10,40.0|60.0|60.0|60.0|60.0|60.0|60.0|40.0|40.0|100.0,20.0|0.0|0.0|0.0|0.0|0.0|-20.0|0.0|60.0,100,5
48117,2463,3,0.0|80.0|100.0,80.0|20.0,100,5
48117,2464,5,0.0|0.0|0.0|80.0|100.0,0.0|0.0|80.0|20.0,100,5
48117,2465,4,60.0|60.0|0.0|100.0,0.0|-60.0|100.0,100,5
48117,2466,4,0.0|0.0|100.0|100.0,0.0|100.0|0.0,100,6
48117,2467,2,100.0|100.0,0.0,100,4
48117,2474,2,0.0|100.0,100.0,100,4
48117,2482,2,0.0|100.0,100.0,100,5
48117,2490,1,100.0,,100,5
48117,2494,1,100.0,,100,5
48117,2498,1,100.0,,100,5
48117,2505,3,60.0|0.0|100.0,-60.0|100.0,100,5
48117,2506,23,0.0|60.0|0.0|60.0|80.0|80.0|20.0|0.0|40.0|60.0|80.0|40.0|80.0|80.0|80.0|0.0|0.0|0.0|80.0|0.0|80.0|20.0|100.0,60.0|-60.0|60.0|20.0|0.0|-60.0|-20.0|40.0|20.0|20.0|-40.0|40.0|0.0|0.0|-80.0|0.0|0.0|80.0|-80.0|80.0|-60.0|80.0,100,5
48117,2514,1,100.0,,100,5
48117,2527,16,0.0|0.0|0.0|0.0|0.0|0.0|0.0|0.0|0.0|0.0|66.67|100.0|66.67|66.67|66.67|100.0,0.0|0.0|0.0|0.0|0.0|0.0|0.0|0.0|0.0|66.67|33.33|-33.33|0.0|0.0|33.33,100,3
48117,2530,7,0.0|0.0|0.0|0.0|20.0|0.0|100.0,0.0|0.0|0.0|20.0|-20.0|100.0,100,5
48117,2531,2,0.0|100.0,100.0,100,5
48117,2534,1,100.0,,100,5
48117,2535,1,100.0,,100,2
48117,2537,10,20.0|20.0|20.0|20.0|0.0|20.0|0.0|0.0|0.0|100.0,0.0|0.0|0.0|-20.0|20.0|-20.0|0.0|0.0|100.0,100,5
48117,2542,1,100.0,,100,5
48117,2547,1,100.0,,100,5
48117,2548,28,0.0|0.0|0.0|0.0|0.0|0.0|0.0|0.0|0.0|80.0|80.0|80.0|80.0|80.0|80.0|80.0|80.0|80.0|0.0|80.0|80.0|80.0|80.0|80.0|80.0|0.0|0.0|100.0,0.0|0.0|0.0|0.0|0.0|0.0|0.0|0.0|80.0|0.0|0.0|0.0|0.0|0.0|0.0|0.0|0.0|-80.0|80.0|0.0|0.0|0.0|0.0|0.0|-80.0|0.0|100.0,100,5
48117,2558,4,0.0|0.0|0.0|100.0,0.0|0.0|100.0,100,5
48117,2561,1,100.0,,100,4
48117,2584,1,100.0,,100,5
48117,2589,2,0.0|100.0,100.0,100,4
48117,2607,7,0.0|0.0|0.0|0.0|25.0|75.0|100.0,0.0|0.0|0.0|25.0|50.0|25.0,100,4
48117,2610,8,0.0|0.0|0.0|0.0|0.0|0.0|0.0|100.0,0.0|0.0|0.0|0.0|0.0|0.0|100.0,100,5
48117,2614,2,75.0|100.0,25.0,100,4
48117,2615,4,0.0|0.0|0.0|100.0,0.0|0.0|100.0,100,5
48117,2617,5,0.0|0.0|66.67|66.67|100.0,0.0|66.67|0.0|33.33,100,3
48117,2618,4,0.0|0.0|50.0|100.0,0.0|50.0|50.0,100,2
48117,2629,7,0.0|0.0|25.0|0.0|0.0|25.0|100.0,0.0|25.0|-25.0|0.0|25.0|75.0,100,4
48117,2647,1,100.0,,100,3
48117,2701,1,100.0,,100,4
48117,2718,12,0.0|0.0|0.0|0.0|0.0|0.0|0.0|0.0|33.33|33.33|33.33|33.33,0.0|0.0|0.0|0.0|0.0|0.0|0.0|33.33|0.0|0.0|0.0,100,3
48117,2741,2,0.0|100.0,100.0,100,5
48117,2892,15,0.0|0.0|0.0|0.0|0.0|0.0|16.67|16.67|16.67|16.67|83.33|16.67|66.67|83.33|100.0,0.0|0.0|0.0|0.0|0.0|16.67|0.0|0.0|0.0|66.66|-66.66|50.0|16.659999999999997|16.67,100,6
48117,2894,4,0.0|0.0|0.0|100.0,0.0|0.0|100.0,100,5
48117,2908,41,0.0|0.0|0.0|40.0|0.0|0.0|0.0|0.0|0.0|0.0|0.0|0.0|40.0|20.0|0.0|0.0|0.0|40.0|60.0|60.0|0.0|0.0|40.0|60.0|40.0|60.0|60.0|40.0|60.0|40.0|60.0|60.0|60.0|60.0|60.0|60.0|60.0|60.0|60.0|40.0|60.0,0.0|0.0|40.0|-40.0|0.0|0.0|0.0|0.0|0.0|0.0|0.0|40.0|-20.0|-20.0|0.0|0.0|40.0|20.0|0.0|-60.0|0.0|40.0|20.0|-20.0|20.0|0.0|-20.0|20.0|-20.0|20.0|0.0|0.0|0.0|0.0|0.0|0.0|0.0|0.0|-20.0|20.0,100,5
48117,2936,31,25.0|0.0|0.0|0.0|0.0|50.0|50.0|0.0|50.0|50.0|75.0|75.0|25.0|75.0|75.0|75.0|75.0|75.0|75.0|75.0|25.0|75.0|100.0|0.0|50.0|75.0|75.0|75.0|0.0|75.0|100.0,-25.0|0.0|0.0|0.0|50.0|0.0|-50.0|50.0|0.0|25.0|0.0|-50.0|50.0|0.0|0.0|0.0|0.0|0.0|0.0|-50.0|50.0|25.0|-100.0|50.0|25.0|0.0|0.0|-75.0|75.0|25.0,100,4
49405,2061,1,100.0,,100,1
49405,2063,2,0.0|100.0,100.0,100,3
49405,2064,4,25.0|75.0|0.0|100.0,50.0|-75.0|100.0,100,4
49405,2065,14,75.0|0.0|0.0|0.0|0.0|0.0|0.0|25.0|75.0|0.0|75.0|75.0|75.0|100.0,-75.0|0.0|0.0|0.0|0.0|0.0|25.0|50.0|-75.0|75.0|0.0|0.0|25.0,100,4
49405,2067,3,50.0|0.0|100.0,-50.0|100.0,100,4
49405,2068,4,50.0|50.0|50.0|100.0,0.0|0.0|50.0,100,2
49405,2069,1,100.0,,100,2
49405,2070,32,0.0|0.0|0.0|0.0|0.0|0.0|33.33|33.33|33.33|66.67|33.33|66.67|66.67|66.67|33.33|66.67|66.67|66.67|33.33|66.67|66.67|66.67|66.67|33.33|66.67|66.67|33.33|0.0|0.0|0.0|0.0|100.0,0.0|0.0|0.0|0.0|0.0|33.33|0.0|0.0|33.34|-33.34|33.34|0.0|0.0|-33.34|33.34|0.0|0.0|-33.34|33.34|0.0|0.0|0.0|-33.34|33.34|0.0|-33.34|-33.33|0.0|0.0|0.0|100.0,100,3
49405,2080,1,100.0,,100,1
49405,2081,2,0.0|100.0,100.0,100,4
49405,2084,1,100.0,,100,10
49405,2085,1,100.0,,100,9
49405,2086,2,0.0|100.0,100.0,100,3
49405,2087,3,0.0|45.45|100.0,45.45|54.55,100,11
49405,2088,2,0.0|100.0,100.0,100,10
49405,2089,1,100.0,,100,5
49405,2090,1,100.0,,100,4
49405,2091,1,100.0,,100,10
49405,2093,1,100.0,,100,2
49405,2094,1,100.0,,100,4
49405,2095,3,0.0|0.0|100.0,0.0|100.0,100,2
49405,2096,1,100.0,,100,2
49405,2097,2,0.0|100.0,100.0,100,4
49405,2098,26,0.0|0.0|0.0|0.0|0.0|0.0|0.0|33.33|33.33|33.33|33.33|66.67|66.67|66.67|0.0|66.67|33.33|66.67|66.67|33.33|33.33|33.33|0.0|0.0|0.0|100.0,0.0|0.0|0.0|0.0|0.0|0.0|33.33|0.0|0.0|0.0|33.34|0.0|0.0|-66.67|66.67|-33.34|33.34|0.0|-33.34|0.0|0.0|-33.33|0.0|0.0|100.0,100,3
49405,2099,1,100.0,,100,4
49405,2100,1,100.0,,100,3
49405,2103,1,100.0,,100,4
49405,2104,1,100.0,,100,9
49405,2105,2,0.0|100.0,100.0,100,1
49405,2106,1,100.0,,100,3
49405,2108,1,100.0,,100,3
49405,2109,1,100.0,,100,3
49405,2110,1,100.0,,100,3
49405,2111,4,0.0|33.33|0.0|100.0,33.33|-33.33|100.0,100,3
49405,2113,13,0.0|0.0|25.0|25.0|25.0|25.0|50.0|50.0|50.0|75.0|75.0|75.0|100.0,0.0|25.0|0.0|0.0|0.0|25.0|0.0|0.0|25.0|0.0|0.0|25.0,100,4
49405,2114,3,66.67|66.67|100.0,0.0|33.33,100,3
49405,2115,1,100.0,,100,6
49405,2116,2,0.0|100.0,100.0,100,1
49405,2117,1,100.0,,100,2
49405,2119,6,66.67|33.33|66.67|33.33|33.33|100.0,-33.34|33.34|-33.34|0.0|66.67,100,3
49405,2120,4,0.0|0.0|0.0|100.0,0.0|0.0|100.0,100,3
49405,2121,7,0.0|75.0|75.0|0.0|0.0|25.0|100.0,75.0|0.0|-75.0|0.0|25.0|75.0,100,4
49405,2122,2,66.67|100.0,33.33,100,3
49405,2124,1,100.0,,100,4
49405,2126,3,0.0|33.33|100.0,33.33|66.67,100,3
49405,2127,1,100.0,,100,3
49405,2134,1,100.0,,100,2
49405,2139,1,100.0,,100,1
49405,2140,1,100.0,,100,5
49405,2141,2,0.0|100.0,100.0,100,2
49405,2142,3,0.0|66.67|100.0,66.67|33.33,100,3
49405,2145,2,0.0|100.0,100.0,100,1
49405,2149,1,100.0,,100,3
49405,2151,1,100.0,,100,1
49405,2152,2,0.0|100.0,100.0,100,3
49405,2153,5,66.67|0.0|0.0|0.0|100.0,-66.67|0.0|0.0|100.0,100,3
49405,2164,1,100.0,,100,2
49405,2167,1,100.0,,100,1
49405,2168,1,100.0,,100,8
49405,2169,5,0.0|0.0|0.0|0.0|100.0,0.0|0.0|0.0|100.0,100,4
49405,2171,3,0.0|0.0|100.0,0.0|100.0,100,3
49405,2172,9,0.0|0.0|0.0|40.0|40.0|40.0|40.0|60.0|100.0,0.0|0.0|40.0|0.0|0.0|0.0|20.0|40.0,100,5
49405,2173,3,0.0|0.0|100.0,0.0|100.0,100,5
49405,2174,3,10.0|10.0|100.0,0.0|90.0,100,10
49405,2176,3,0.0|0.0|100.0,0.0|100.0,100,2
49405,2177,1,100.0,,100,10
49405,2178,2,75.0|100.0,25.0,100,4
49405,2179,1,100.0,,100,1
49405,2180,1,100.0,,100,5
49405,2181,6,0.0|0.0|0.0|0.0|0.0|100.0,0.0|0.0|0.0|0.0|100.0,100,4
49405,2182,1,100.0,,100,5
49405,2183,5,0.0|0.0|0.0|0.0|100.0,0.0|0.0|0.0|100.0,100,4
49405,2184,2,0.0|100.0,100.0,100,4
49405,2185,2,0.0|100.0,100.0,100,4
49405,2186,3,0.0|0.0|100.0,0.0|100.0,100,4
49405,2188,1,100.0,,100,2
49405,2190,2,83.33|100.0,16.67,100,6
49405,2193,2,33.33|100.0,66.67,100,3
49405,2196,2,0.0|100.0,100.0,100,10
49405,2198,1,100.0,,100,5
49405,2199,2,90.0|100.0,10.0,100,10
49405,2200,4,30.0|20.0|30.0|100.0,-10.0|10.0|70.0,100,10
49405,2203,12,0.0|33.33|33.33|0.0|33.33|33.33|33.33|0.0|0.0|0.0|0.0|100.0,33.33|0.0|-33.33|33.33|0.0|0.0|-33.33|0.0|0.0|0.0|100.0,100,3
49405,2209,4,0.0|0.0|100.0|100.0,0.0|100.0|0.0,100,5
49405,2211,1,100.0,,100,5
49405,2212,2,50.0|100.0,50.0,100,2
49405,2236,1,100.0,,100,3
49405,2237,2,0.0|100.0,100.0,100,4
49405,2252,2,25.0|100.0,75.0,100,4
49405,2253,1,100.0,,100,3
49405,2266,1,100.0,,100,6
49405,2273,1,100.0,,100,5
49405,2278,1,100.0,,100,4
49405,2279,1,100.0,,100,5
49405,2280,1,100.0,,100,3
49405,2283,2,0.0|100.0,100.0,100,5
49405,2286,4,0.0|0.0|0.0|100.0,0.0|0.0|100.0,100,5
49405,2288,2,83.33|100.0,16.67,100,6
49405,2289,1,100.0,,100,5
49405,2291,1,100.0,,100,5
49405,2295,3,0.0|0.0|100.0,0.0|100.0,100,5
49405,2296,8,75.0|50.0|75.0|50.0|75.0|75.0|75.0|100.0,-25.0|25.0|-25.0|25.0|0.0|0.0|25.0,100,4
49405,2299,1,100.0,,100,5
49405,2300,2,0.0|100.0,100.0,100,5
49405,2301,1,100.0,,100,6
49405,2304,3,0.0|75.0|100.0,75.0|25.0,100,4
49405,2307,1,100.0,,100,4
49405,2308,3,0.0|0.0|100.0,0.0|100.0,100,6
49405,2311,5,0.0|0.0|0.0|25.0|100.0,0.0|0.0|25.0|75.0,100,4
49405,2312,3,0.0|87.5|100.0,87.5|12.5,100,8
49405,2315,1,100.0,,100,5
49405,2338,2,25.0|100.0,75.0,100,4
49405,2339,1,100.0,,100,6
49405,2340,1,100.0,,100,4
49405,2341,1,100.0,,100,5
49405,2342,1,100.0,,100,3
49405,2344,1,100.0,,100,5
49405,2345,1,100.0,,100,6
49405,2346,1,100.0,,100,3
49405,2356,1,100.0,,100,5
49405,2357,1,100.0,,100,3
49405,2358,1,100.0,,100,4
49405,2359,1,100.0,,100,4
49405,2371,1,100.0,,100,4
49405,2373,2,100.0|100.0,0.0,100,4
49405,2378,9,0.0|0.0|0.0|0.0|0.0|0.0|0.0|0.0|100.0,0.0|0.0|0.0|0.0|0.0|0.0|0.0|100.0,100,5
49405,2383,2,20.0|100.0,80.0,100,5
49405,2386,27,75.0|0.0|0.0|0.0|50.0|75.0|0.0|50.0|50.0|75.0|50.0|75.0|75.0|50.0|75.0|50.0|50.0|25.0|50.0|75.0|75.0|25.0|75.0|25.0|50.0|25.0|100.0,-75.0|0.0|0.0|50.0|25.0|-75.0|50.0|0.0|25.0|-25.0|25.0|0.0|-25.0|25.0|-25.0|0.0|-25.0|25.0|25.0|0.0|-50.0|50.0|-50.0|25.0|-25.0|75.0,100,4
49405,2387,1,100.0,,100,4
49405,2388,1,100.0,,100,4
49405,2389,1,100.0,,100,4
49405,2390,2,0.0|100.0,100.0,100,10
49405,2392,1,100.0,,100,4
49405,2394,2,0.0|100.0,100.0,100,4
49405,2395,2,0.0|100.0,100.0,100,4
49405,2396,5,0.0|0.0|0.0|33.33|100.0,0.0|0.0|33.33|66.67,100,3
49405,2397,2,10.0|100.0,90.0,100,10
49405,2406,1,100.0,,100,6
49405,2412,1,100.0,,100,3
49405,2415,1,100.0,,100,5
49405,2423,9,0.0|0.0|0.0|0.0|0.0|0.0|0.0|0.0|100.0,0.0|0.0|0.0|0.0|0.0|0.0|0.0|100.0,100,5
49405,2424,1,100.0,,100,4
49405,2425,5,0.0|50.0|0.0|0.0|100.0,50.0|-50.0|0.0|100.0,100,4
49405,2426,1,100.0,,100,5
49405,2438,1,100.0,,100,5
49405,2439,1,100.0,,100,4
49405,2440,3,0.0|0.0|100.0,0.0|100.0,100,5
49405,2441,1,100.0,,100,5
49405,2442,2,80.0|100.0,20.0,100,5
49405,2444,1,100.0,,100,3
49405,2445,6,0.0|0.0|60.0|60.0|0.0|100.0,0.0|60.0|0.0|-60.0|100.0,100,5
49405,2449,3,0.0|0.0|100.0,0.0|100.0,100,6
49405,2450,3,0.0|40.0|100.0,40.0|60.0,100,5
49405,2451,7,0.0|20.0|20.0|0.0|80.0|80.0|100.0,20.0|0.0|-20.0|80.0|0.0|20.0,100,5
49405,2453,1,100.0,,100,5
49405,2454,1,100.0,,100,5
49405,2461,1,100.0,,100,5
49405,2462,2,80.0|100.0,20.0,100,5
49405,2463,4,0.0|0.0|80.0|100.0,0.0|80.0|20.0,100,5
49405,2464,1,100.0,,100,5
49405,2465,8,40.0|40.0|0.0|0.0|0.0|0.0|20.0|100.0,0.0|-40.0|0.0|0.0|0.0|20.0|80.0,100,5
49405,2466,1,100.0,,100,6
49405,2467,1,100.0,,100,4
49405,2474,6,0.0|0.0|0.0|50.0|0.0|100.0,0.0|0.0|50.0|-50.0|100.0,100,4
49405,2482,2,0.0|100.0,100.0,100,5
49405,2490,1,100.0,,100,5
49405,2494,1,100.0,,100,5
49405,2498,1,100.0,,100,5
49405,2505,1,100.0,,100,5
49405,2506,6,20.0|80.0|80.0|80.0|80.0|100.0,60.0|0.0|0.0|0.0|20.0,100,5
49405,2514,7,40.0|40.0|40.0|40.0|0.0|0.0|100.0,0.0|0.0|0.0|-40.0|0.0|100.0,100,5
49405,2527,3,33.33|66.67|100.0,33.34|33.33,100,3
49405,2530,1,100.0,,100,5
49405,2531,1,100.0,,100,5
49405,2534,1,100.0,,100,5
49405,2535,1,100.0,,100,2
49405,2537,5,0.0|0.0|0.0|0.0|100.0,0.0|0.0|0.0|100.0,100,5
49405,2542,2,0.0|100.0,100.0,100,5
49405,2547,4,0.0|0.0|0.0|100.0,0.0|0.0|100.0,100,5
49405,2548,2,0.0|100.0,100.0,100,5
49405,2558,3,0.0|0.0|100.0,0.0|100.0,100,5
49405,2561,3,0.0|0.0|100.0,0.0|100.0,100,4
49405,2584,1,100.0,,100,5
49405,2589,1,100.0,,100,4
49405,2592,7,0.0|0.0|0.0|0.0|0.0|25.0|100.0,0.0|0.0|0.0|0.0|25.0|75.0,100,4
49405,2607,1,100.0,,100,4
49405,2610,1,100.0,,100,5
49405,2614,1,100.0,,100,4
49405,2615,2,0.0|100.0,100.0,100,5
49405,2617,1,100.0,,100,3
49405,2618,1,100.0,,100,2
49405,2629,13,25.0|25.0|25.0|25.0|25.0|25.0|50.0|0.0|75.0|25.0|25.0|50.0|100.0,0.0|0.0|0.0|0.0|0.0|25.0|-50.0|75.0|-50.0|0.0|25.0|50.0,100,4
49405,2647,1,100.0,,100,3
49405,2701,1,100.0,,100,4
49405,2718,3,33.33|33.33|100.0,0.0|66.67,100,3
49405,2741,1,100.0,,100,5
49405,2892,1,100.0,,100,6
49405,2894,1,100.0,,100,5
49405,2908,6,0.0|0.0|0.0|0.0|0.0|100.0,0.0|0.0|0.0|0.0|100.0,100,5
49405,2936,4,0.0|50.0|50.0|100.0,50.0|0.0|50.0,100,4
51584,2061,1,100.0,,100,1
51584,2190,1,100.0,,100,6
51584,2309,5,100.0|100.0|100.0|100.0|100.0,0.0|0.0|0.0|0.0,100,8
51584,2505,1,100.0,,100,5
51584,2584,2,0.0|100.0,100.0,100,5
60581,2061,1,100.0,,100,1
60581,2063,1,100.0,,100,3
60581,2064,2,75.0|100.0,25.0,100,4
60581,2065,3,25.0|25.0|100.0,0.0|75.0,100,4
60581,2067,4,0.0|0.0|0.0|100.0,0.0|0.0|100.0,100,4
60581,2068,1,100.0,,100,2
60581,2069,1,100.0,,100,2
60581,2070,3,66.67|100.0|100.0,33.33|0.0,100,3
60581,2080,2,100.0|100.0,0.0,100,1
60581,2081,2,0.0|100.0,100.0,100,4
60581,2086,2,0.0|100.0,100.0,100,3
60581,2087,1,100.0,,100,11
60581,2089,1,100.0,,100,5
60581,2090,1,100.0,,100,4
60581,2091,2,100.0|100.0,0.0,100,10
60581,2093,1,100.0,,100,2
60581,2094,5,50.0|50.0|0.0|50.0|100.0,0.0|-50.0|50.0|50.0,100,4
60581,2095,2,100.0|100.0,0.0,100,2
60581,2096,4,50.0|50.0|50.0|100.0,0.0|0.0|50.0,100,2
60581,2097,6,0.0|25.0|0.0|75.0|75.0|100.0,25.0|-25.0|75.0|0.0|25.0,100,4
60581,2098,2,33.33|100.0,66.67,100,3
60581,2099,1,100.0,,100,4
60581,2100,2,100.0|100.0,0.0,100,3
60581,2103,1,100.0,,100,4
60581,2105,1,100.0,,100,1
60581,2106,1,100.0,,100,3
60581,2108,1,100.0,,100,3
60581,2109,1,100.0,,100,3
60581,2110,1,100.0,,100,3
60581,2111,3,0.0|0.0|100.0,0.0|100.0,100,3
60581,2113,2,0.0|100.0,100.0,100,4
60581,2114,1,100.0,,100,3
60581,2115,6,0.0|0.0|0.0|0.0|0.0|100.0,0.0|0.0|0.0|0.0|100.0,100,6
60581,2116,1,100.0,,100,1
60581,2117,1,100.0,,100,2
60581,2119,1,100.0,,100,3
60581,2120,5,66.67|33.33|33.33|66.67|100.0,-33.34|0.0|33.34|33.33,100,3
60581,2121,2,0.0|100.0,100.0,100,4
60581,2122,1,100.0,,100,3
60581,2124,1,100.0,,100,4
60581,2126,1,100.0,,100,3
60581,2127,3,100.0|0.0|100.0,-100.0|100.0,100,3
60581,2134,1,100.0,,100,2
60581,2139,1,100.0,,100,1
60581,2140,3,100.0|100.0|100.0,0.0|0.0,100,5
60581,2141,2,100.0|100.0,0.0,100,2
60581,2142,1,100.0,,100,3
60581,2145,1,100.0,,100,1
60581,2149,1,66.67,,66.67,3
60581,2151,2,0.0|100.0,100.0,100,1
60581,2152,2,0.0|100.0,100.0,100,3
60581,2153,2,66.67|100.0,33.33,100,3
60581,2164,2,0.0|100.0,100.0,100,2
60581,2167,1,100.0,,100,1
60581,2168,2,25.0|100.0,75.0,100,8
60581,2169,1,100.0,,100,4
60581,2171,2,0.0|100.0,100.0,100,3
60581,2172,2,100.0|100.0,0.0,100,5
60581,2173,1,100.0,,100,5
60581,2176,2,0.0|100.0,100.0,100,2
60581,2178,1,100.0,,100,4
60581,2179,1,100.0,,100,1
60581,2180,1,100.0,,100,5
60581,2181,1,100.0,,100,4
60581,2182,1,100.0,,100,5
60581,2183,1,100.0,,100,4
60581,2184,3,75.0|75.0|100.0,0.0|25.0,100,4
60581,2185,1,100.0,,100,4
60581,2186,2,0.0|100.0,100.0,100,4
60581,2188,1,100.0,,100,2
60581,2190,2,83.33|100.0,16.67,100,6
60581,2193,1,100.0,,100,3
60581,2196,2,0.0|100.0,100.0,100,10
60581,2198,1,100.0,,100,5
60581,2199,1,100.0,,100,10
60581,2200,6,40.0|40.0|0.0|0.0|90.0|100.0,0.0|-40.0|0.0|90.0|10.0,100,10
60581,2203,1,100.0,,100,3
60581,2209,5,0.0|0.0|0.0|20.0|100.0,0.0|0.0|20.0|80.0,100,5
60581,2211,4,0.0|80.0|80.0|100.0,80.0|0.0|20.0,100,5
60581,2212,1,100.0,,100,2
60581,2236,2,66.67|100.0,33.33,100,3
60581,2237,1,100.0,,100,4
60581,2252,1,100.0,,100,4
60581,2253,1,100.0,,100,3
60581,2266,2,100.0|100.0,0.0,100,6
60581,2278,2,0.0|100.0,100.0,100,4
60581,2279,3,0.0|80.0|100.0,80.0|20.0,100,5
60581,2280,2,0.0|100.0,100.0,100,3
60581,2283,2,0.0|100.0,100.0,100,5
60581,2286,1,100.0,,100,5
60581,2288,1,100.0,,100,6
60581,2289,2,100.0|100.0,0.0,100,5
60581,2291,1,100.0,,100,5
60581,2295,2,60.0|100.0,40.0,100,5
60581,2296,3,25.0|100.0|100.0,75.0|0.0,100,4
60581,2300,2,100.0|100.0,0.0,100,5
60581,2301,1,100.0,,100,6
60581,2304,1,100.0,,100,4
60581,2307,2,25.0|100.0,75.0,100,4
60581,2308,1,100.0,,100,6
60581,2311,1,100.0,,100,4
60581,2312,1,100.0,,100,8
60581,2315,1,100.0,,100,5
60581,2338,5,0.0|0.0|0.0|0.0|100.0,0.0|0.0|0.0|100.0,100,4
60581,2339,2,0.0|100.0,100.0,100,6
60581,2340,3,0.0|0.0|100.0,0.0|100.0,100,4
60581,2341,3,0.0|0.0|100.0,0.0|100.0,100,5
60581,2342,6,0.0|0.0|0.0|0.0|0.0|100.0,0.0|0.0|0.0|0.0|100.0,100,3
60581,2344,7,0.0|0.0|0.0|0.0|0.0|0.0|100.0,0.0|0.0|0.0|0.0|0.0|100.0,100,5
60581,2345,2,0.0|100.0,100.0,100,6
60581,2346,1,100.0,,100,3
60581,2356,12,0.0|0.0|0.0|20.0|20.0|60.0|20.0|60.0|0.0|40.0|60.0|100.0,0.0|0.0|20.0|0.0|40.0|-40.0|40.0|-60.0|40.0|20.0|40.0,100,5
60581,2357,1,100.0,,100,3
60581,2358,2,0.0|100.0,100.0,100,4
60581,2359,8,0.0|50.0|25.0|50.0|50.0|50.0|50.0|100.0,50.0|-25.0|25.0|0.0|0.0|0.0|50.0,100,4
60581,2371,2,0.0|100.0,100.0,100,4
60581,2373,1,100.0,,100,4
60581,2378,1,100.0,,100,5
60581,2383,1,100.0,,100,5
60581,2386,4,0.0|75.0|75.0|100.0,75.0|0.0|25.0,100,4
60581,2387,1,100.0,,100,4
60581,2388,1,100.0,,100,4
60581,2389,5,0.0|0.0|0.0|0.0|100.0,0.0|0.0|0.0|100.0,100,4
60581,2390,1,100.0,,100,10
60581,2392,1,100.0,,100,4
60581,2394,2,0.0|100.0,100.0,100,4
60581,2395,2,0.0|100.0,100.0,100,4
60581,2396,1,100.0,,100,3
60581,2397,1,100.0,,100,10
60581,2406,2,100.0|100.0,0.0,100,6
60581,2412,1,100.0,,100,3
60581,2415,1,100.0,,100,5
60581,2423,1,100.0,,100,5
60581,2424,1,100.0,,100,4
60581,2425,4,0.0|0.0|0.0|100.0,0.0|0.0|100.0,100,4
60581,2426,1,100.0,,100,5
60581,2438,3,0.0|0.0|100.0,0.0|100.0,100,5
60581,2439,1,100.0,,100,4
60581,2440,1,100.0,,100,5
60581,2441,1,100.0,,100,5
60581,2442,5,0.0|20.0|20.0|20.0|100.0,20.0|0.0|0.0|80.0,100,5
60581,2444,1,100.0,,100,3
60581,2445,2,0.0|100.0,100.0,100,5
60581,2449,1,100.0,,100,6
60581,2450,1,100.0,,100,5
60581,2451,2,80.0|100.0,20.0,100,5
60581,2453,3,0.0|0.0|100.0,0.0|100.0,100,5
60581,2454,2,0.0|100.0,100.0,100,6
60581,2461,1,100.0,,100,5
60581,2462,8,20.0|20.0|80.0|60.0|80.0|80.0|60.0|100.0,0.0|60.0|-20.0|20.0|0.0|-20.0|40.0,100,5
60581,2463,3,0.0|80.0|100.0,80.0|20.0,100,5
60581,2464,2,60.0|100.0,40.0,100,5
60581,2465,2,0.0|100.0,100.0,100,5
60581,2466,2,16.67|100.0,83.33,100,6
60581,2467,1,100.0,,100,4
60581,2474,2,0.0|100.0,100.0,100,4
60581,2482,2,40.0|100.0,60.0,100,5
60581,2490,1,100.0,,100,5
60581,2494,1,100.0,,100,5
60581,2498,1,100.0,,100,5
60581,2505,1,100.0,,100,5
60581,2506,7,80.0|60.0|60.0|60.0|100.0|0.0|100.0,-20.0|0.0|0.0|40.0|-100.0|100.0,100,5
60581,2514,2,60.0|100.0,40.0,100,5
60581,2527,2,66.67|100.0,33.33,100,3
60581,2530,3,0.0|0.0|100.0,0.0|100.0,100,5
60581,2531,2,0.0|100.0,100.0,100,5
60581,2534,2,0.0|100.0,100.0,100,5
60581,2535,2,50.0|100.0,50.0,100,2
60581,2537,2,100.0|100.0,0.0,100,5
60581,2542,1,100.0,,100,5
60581,2547,2,100.0|100.0,0.0,100,5
60581,2548,3,0.0|100.0|100.0,100.0|0.0,100,5
60581,2558,1,100.0,,100,5
60581,2561,2,0.0|100.0,100.0,100,4
60581,2584,1,100.0,,100,5
60581,2589,1,100.0,,100,4
60581,2592,1,100.0,,100,4
60581,2607,1,100.0,,100,4
60581,2610,4,40.0|20.0|20.0|100.0,-20.0|0.0|80.0,100,5
60581,2614,1,100.0,,100,4
60581,2615,1,100.0,,100,5
60581,2617,1,100.0,,100,3
60581,2618,1,100.0,,100,2
60581,2629,1,100.0,,100,4
60581,2647,1,100.0,,100,3
60581,2701,2,50.0|100.0,50.0,100,4
60581,2718,7,33.33|33.33|33.33|33.33|66.67|66.67|100.0,0.0|0.0|0.0|33.34|0.0|33.33,100,3
60581,2741,5,40.0|80.0|20.0|20.0|100.0,40.0|-60.0|0.0|80.0,100,5
60581,2892,3,0.0|0.0|100.0,0.0|100.0,100,6
60581,2894,2,40.0|100.0,60.0,100,5
60581,2908,2,0.0|100.0,100.0,100,5
60581,2936,11,0.0|0.0|0.0|0.0|0.0|0.0|0.0|0.0|0.0|75.0|100.0,0.0|0.0|0.0|0.0|0.0|0.0|0.0|0.0|75.0|25.0,100,4
60587,2061,1,100.0,,100,1
60587,2063,1,100.0,,100,3
60587,2064,1,100.0,,100,4
60587,2065,2,25.0|100.0,75.0,100,4
60587,2067,1,100.0,,100,4
60587,2069,1,100.0,,100,2
60587,2070,1,100.0,,100,3
60587,2080,1,100.0,,100,1
60587,2081,2,0.0|100.0,100.0,100,4
60587,2084,1,100.0,,100,10
60587,2085,1,100.0,,100,9
60587,2086,1,100.0,,100,3
60587,2093,2,0.0|100.0,100.0,100,2
60587,2094,1,100.0,,100,4
60587,2095,1,100.0,,100,2
60587,2096,1,100.0,,100,2
60587,2097,2,50.0|100.0,50.0,100,4
60587,2098,1,100.0,,100,3
60587,2099,1,100.0,,100,4
60587,2100,1,100.0,,100,3
60587,2104,2,0.0|11.11,11.11,11.11,9
60587,2105,1,100.0,,100,1
60587,2106,1,100.0,,100,3
60587,2108,1,100.0,,100,3
60587,2109,2,100.0|100.0,0.0,100,3
60587,2110,1,100.0,,100,3
60587,2111,1,100.0,,100,3
60587,2113,3,0.0|0.0|0.0,0.0|0.0,0,4
60587,2114,1,100.0,,100,3
60587,2116,1,100.0,,100,1
60587,2117,1,100.0,,100,2
60587,2119,1,100.0,,100,3
60587,2120,1,100.0,,100,3
60587,2121,1,100.0,,100,4
60587,2122,1,100.0,,100,3
60587,2126,1,100.0,,100,3
60587,2127,1,100.0,,100,3
60587,2134,1,100.0,,100,2
60587,2140,1,20.0,,20,5
60587,2141,1,100.0,,100,2
60587,2142,1,33.33,,33.33,3
60587,2145,1,100.0,,100,1
60587,2152,2,0.0|100.0,100.0,100,3
60587,2153,1,100.0,,100,3
60587,2171,1,100.0,,100,3
60587,2172,4,0.0|0.0|20.0|40.0,0.0|20.0|20.0,40,5
60587,2173,1,100.0,,100,5
60587,2176,1,100.0,,100,1
60587,2177,5,0.0|0.0|0.0|70.0|90.0,0.0|0.0|70.0|20.0,90,10
60587,2178,2,0.0|100.0,100.0,100,4
60587,2179,2,100.0|100.0,0.0,100,1
60587,2180,4,20.0|20.0|40.0|100.0,0.0|20.0|60.0,100,5
60587,2181,1,100.0,,100,4
60587,2182,1,100.0,,100,5
60587,2183,1,100.0,,100,4
60587,2184,1,100.0,,100,4
60587,2185,5,0.0|0.0|0.0|25.0|100.0,0.0|0.0|25.0|75.0,100,4
60587,2186,1,100.0,,100,4
60587,2188,1,100.0,,100,2
60587,2190,1,100.0,,100,6
60587,2193,1,33.33,,33.33,3
60587,2196,1,100.0,,100,10
60587,2199,1,100.0,,100,10
60587,2200,2,10.0|30.0,20.0,30,10
60587,2203,1,100.0,,100,3
60587,2209,1,20.0,,20,5
60587,2211,1,40.0,,40,5
60587,2212,1,100.0,,100,2
60587,2236,6,0.0|33.33|0.0|33.33|33.33|33.33,33.33|-33.33|33.33|0.0|0.0,33.33,3
60587,2237,2,0.0|100.0,100.0,100,4
60587,2252,1,25.0,,25,4
60587,2253,3,0.0|0.0|0.0,0.0|0.0,0,3
60587,2266,2,0.0|33.33,33.33,33.33,6
60587,2278,1,100.0,,100,4
60587,2279,2,20.0|20.0,0.0,20,5
60587,2280,1,100.0,,100,3
60587,2283,2,0.0|100.0,100.0,100,5
60587,2291,3,20.0|60.0|100.0,40.0|40.0,100,5
60587,2307,1,100.0,,100,4
60587,2308,1,100.0,,100,6
60587,2312,1,100.0,,100,8
60587,2338,1,100.0,,100,4
60587,2339,2,100.0|100.0,0.0,100,6
60587,2340,2,25.0|100.0,75.0,100,4
60587,2341,1,100.0,,100,5
60587,2342,2,0.0|100.0,100.0,100,3
60587,2344,2,20.0|100.0,80.0,100,5
60587,2345,2,50.0|66.67,16.67,66.67,6
60587,2346,1,100.0,,100,3
60587,2356,1,100.0,,100,5
60587,2357,1,100.0,,100,3
60587,2358,3,0.0|0.0|100.0,0.0|100.0,100,4
60587,2359,2,0.0|100.0,100.0,100,4
60587,2371,2,0.0|100.0,100.0,100,4
60587,2373,1,25.0,,25,4
60587,2383,4,20.0|20.0|20.0|80.0,0.0|0.0|60.0,80,5
60587,2386,3,75.0|75.0|100.0,0.0|25.0,100,4
60587,2387,6,25.0|0.0|25.0|25.0|0.0|25.0,-25.0|25.0|0.0|-25.0|25.0,25,4
60587,2388,1,100.0,,100,4
60587,2389,2,0.0|100.0,100.0,100,4
60587,2392,2,0.0|100.0,100.0,100,4
60587,2394,1,100.0,,100,4
60587,2395,2,0.0|100.0,100.0,100,4
60587,2396,3,0.0|0.0|100.0,0.0|100.0,100,3
60587,2406,2,0.0|16.67,16.67,16.67,6
60587,2412,2,0.0|66.67,66.67,66.67,3
60587,2423,1,100.0,,100,5
60587,2424,1,100.0,,100,4
60587,2425,1,100.0,,100,4
60587,2426,1,100.0,,100,5
60587,2438,1,100.0,,100,5
60587,2440,1,100.0,,100,5
60587,2441,1,100.0,,100,5
60587,2442,1,100.0,,100,5
60587,2445,1,100.0,,100,5
60587,2449,1,100.0,,100,6
60587,2450,2,60.0|80.0,20.0,80,5
60587,2451,1,100.0,,100,5
60587,2453,1,100.0,,100,5
60587,2454,1,100.0,,100,6
60587,2461,1,100.0,,100,5
60587,2462,1,100.0,,100,5
60587,2463,3,40.0|60.0|100.0,20.0|40.0,100,5
60587,2464,1,100.0,,100,5
60587,2465,1,100.0,,100,5
60587,2466,1,100.0,,100,6
60587,2467,1,100.0,,100,4
60587,2474,1,100.0,,100,4
60587,2482,2,0.0|100.0,100.0,100,5
60587,2490,1,100.0,,100,5
60587,2494,1,100.0,,100,5
60587,2498,3,0.0|80.0|100.0,80.0|20.0,100,5
60587,2505,1,100.0,,100,5
60587,2506,2,100.0|100.0,0.0,100,5
60587,2527,1,100.0,,100,3
60587,2530,4,100.0|0.0|0.0|100.0,-100.0|0.0|100.0,100,5
60587,2531,1,100.0,,100,5
60587,2534,1,100.0,,100,5
60587,2535,1,100.0,,100,2
60587,2537,2,0.0|100.0,100.0,100,5
60587,2542,1,100.0,,100,5
60587,2547,1,80.0,,80,5
60587,2558,1,100.0,,100,5
60587,2561,1,100.0,,100,4
60587,2584,1,100.0,,100,5
60587,2589,1,100.0,,100,4
60587,2592,2,25.0|25.0,0.0,25,4
60587,2607,1,100.0,,100,4
60587,2610,2,0.0|20.0,20.0,20,5
60587,2614,1,100.0,,100,4
60587,2615,1,100.0,,100,5
60587,2617,1,100.0,,100,3
60587,2618,2,100.0|100.0,0.0,100,2
60587,2629,4,50.0|50.0|25.0|50.0,0.0|-25.0|25.0,50,4
60587,2647,1,100.0,,100,3
60587,2701,1,75.0,,75,4
60587,2718,2,0.0|33.33,33.33,33.33,3
60587,2741,1,100.0,,100,5
60587,2892,2,16.67|100.0,83.33,100,6
60587,2894,4,0.0|0.0|60.0|100.0,0.0|60.0|40.0,100,5
60587,2908,6,20.0|0.0|20.0|60.0|80.0|100.0,-20.0|20.0|40.0|20.0|20.0,100,5
60587,2936,5,25.0|75.0|50.0|75.0|100.0,50.0|-25.0|25.0|25.0,100,4
60604,2061,2,100.0|100.0,0.0,100,1
60604,2063,1,100.0,,100,3
60604,2064,1,100.0,,100,4
60604,2065,1,100.0,,100,4
60604,2067,1,100.0,,100,4
60604,2068,1,100.0,,100,2
60604,2069,1,100.0,,100,2
60604,2070,1,100.0,,100,3
60604,2080,1,100.0,,100,1
60604,2081,2,0.0|100.0,100.0,100,4
60604,2093,1,100.0,,100,2
60604,2094,5,75.0|50.0|50.0|75.0|100.0,-25.0|0.0|25.0|25.0,100,4
60604,2095,1,100.0,,100,2
60604,2096,1,100.0,,100,2
60604,2097,3,0.0|75.0|100.0,75.0|25.0,100,4
60604,2098,1,100.0,,100,3
60604,2099,1,100.0,,100,4
60604,2100,1,100.0,,100,3
60604,2103,14,0.0|0.0|0.0|0.0|0.0|0.0|0.0|25.0|0.0|25.0|0.0|25.0|25.0|25.0,0.0|0.0|0.0|0.0|0.0|0.0|25.0|-25.0|25.0|-25.0|25.0|0.0|0.0,25,4
60604,2105,1,100.0,,100,1
60604,2106,1,100.0,,100,3
60604,2108,1,100.0,,100,3
60604,2109,1,100.0,,100,3
60604,2110,1,100.0,,100,3
60604,2111,1,100.0,,100,3
60604,2113,2,0.0|100.0,100.0,100,4
60604,2114,1,100.0,,100,3
60604,2115,2,0.0|0.0,0.0,0,6
60604,2116,1,100.0,,100,1
60604,2117,1,100.0,,100,2
60604,2119,1,100.0,,100,3
60604,2121,1,100.0,,100,4
60604,2122,1,100.0,,100,3
60604,2126,1,100.0,,100,3
60604,2127,1,100.0,,100,3
60604,2134,1,100.0,,100,2
60604,2141,1,100.0,,100,2
60604,2142,1,100.0,,100,3
60604,2145,1,100.0,,100,1
60604,2153,1,100.0,,100,3
60604,2164,1,100.0,,100,2
60604,2169,1,100.0,,100,4
60604,2171,1,100.0,,100,3
60604,2173,1,100.0,,100,5
60604,2174,2,0.0|0.0,0.0,0,10
60604,2176,2,50.0|100.0,50.0,100,2
60604,2178,1,100.0,,100,4
60604,2179,1,100.0,,100,1
60604,2180,3,20.0|20.0|20.0,0.0|0.0,20,5
60604,2181,1,100.0,,100,4
60604,2182,1,100.0,,100,5
60604,2183,1,100.0,,100,4
60604,2184,1,100.0,,100,4
60604,2185,1,100.0,,100,4
60604,2186,1,100.0,,100,4
60604,2188,2,0.0|100.0,100.0,100,2
60604,2190,2,83.33|100.0,16.67,100,6
60604,2193,1,100.0,,100,3
60604,2196,4,0.0|0.0|0.0|10.0,0.0|0.0|10.0,10,10
60604,2198,3,0.0|0.0|0.0,0.0|0.0,0,5
60604,2199,1,100.0,,100,10
60604,2200,2,30.0|100.0,70.0,100,10
60604,2203,2,100.0|100.0,0.0,100,3
60604,2211,1,100.0,,100,5
60604,2212,1,100.0,,100,2
60604,2236,1,100.0,,100,3
60604,2237,1,100.0,,100,4
60604,2252,1,100.0,,100,4
60604,2253,3,0.0|33.33|100.0,33.33|66.67,100,3
60604,2278,1,100.0,,100,4
60604,2279,1,100.0,,100,5
60604,2280,1,100.0,,100,3
60604,2283,1,100.0,,100,5
60604,2295,7,0.0|0.0|0.0|0.0|80.0|80.0|100.0,0.0|0.0|0.0|80.0|0.0|20.0,100,5
60604,2296,4,0.0|0.0|0.0|100.0,0.0|0.0|100.0,100,4
60604,2304,3,0.0|25.0|100.0,25.0|75.0,100,4
60604,2307,3,100.0|100.0|100.0,0.0|0.0,100,4
60604,2308,3,0.0|0.0|100.0,0.0|100.0,100,6
60604,2311,1,0.0,,0,4
60604,2315,5,0.0|0.0|0.0|0.0|100.0,0.0|0.0|0.0|100.0,100,5
60604,2338,1,100.0,,100,4
60604,2339,1,100.0,,100,6
60604,2340,1,100.0,,100,4
60604,2341,1,100.0,,100,5
60604,2342,1,100.0,,100,3
60604,2344,1,100.0,,100,5
60604,2345,1,100.0,,100,6
60604,2346,1,100.0,,100,3
60604,2356,1,100.0,,100,5
60604,2357,1,100.0,,100,3
60604,2358,1,100.0,,100,4
60604,2359,1,100.0,,100,4
60604,2371,1,100.0,,100,4
60604,2373,1,100.0,,100,4
60604,2387,1,100.0,,100,4
60604,2388,1,100.0,,100,4
60604,2389,1,100.0,,100,4
60604,2392,1,100.0,,100,4
60604,2394,1,100.0,,100,4
60604,2395,1,100.0,,100,4
60604,2396,1,100.0,,100,3
60604,2423,1,100.0,,100,5
60604,2424,1,100.0,,100,4
60604,2425,1,100.0,,100,4
60604,2426,1,100.0,,100,5
60604,2438,1,100.0,,100,5
60604,2439,8,0.0|0.0|0.0|0.0|0.0|0.0|0.0|100.0,0.0|0.0|0.0|0.0|0.0|0.0|100.0,100,4
60604,2440,1,100.0,,100,5
60604,2441,1,100.0,,100,5
60604,2442,1,100.0,,100,5
60604,2444,1,100.0,,100,3
60604,2445,1,100.0,,100,5
60604,2449,1,100.0,,100,6
60604,2450,1,100.0,,100,5
60604,2451,1,100.0,,100,5
60604,2453,1,100.0,,100,5
60604,2454,1,100.0,,100,6
60604,2461,1,100.0,,100,5
60604,2462,1,100.0,,100,5
60604,2463,1,100.0,,100,5
60604,2465,1,100.0,,100,5
60604,2466,1,100.0,,100,6
60604,2467,1,100.0,,100,4
60604,2474,1,100.0,,100,4
60604,2482,1,100.0,,100,5
60604,2490,1,100.0,,100,5
60604,2494,1,100.0,,100,5
60604,2498,1,100.0,,100,5
60604,2505,1,100.0,,100,5
60604,2514,1,100.0,,100,5
60604,2527,1,100.0,,100,3
60604,2530,1,100.0,,100,5
60604,2531,1,100.0,,100,5
60604,2534,1,100.0,,100,5
60604,2537,1,100.0,,100,5
60604,2542,1,100.0,,100,5
60604,2547,1,100.0,,100,5
60604,2548,1,100.0,,100,5
60604,2558,4,0.0|0.0|100.0|100.0,0.0|100.0|0.0,100,5
60604,2561,1,100.0,,100,4
60604,2584,1,100.0,,100,5
60604,2589,1,100.0,,100,4
60604,2607,2,0.0|100.0,100.0,100,4
60604,2610,1,100.0,,100,5
60604,2614,1,100.0,,100,4
60604,2618,1,100.0,,100,2
60604,2629,3,0.0|0.0|100.0,0.0|100.0,100,4
60604,2647,1,100.0,,100,3
60604,2701,1,100.0,,100,4
60604,2718,1,100.0,,100,3
60604,2741,1,100.0,,100,5
60604,2892,1,100.0,,100,6
60604,2894,1,100.0,,100,5
60604,2908,1,100.0,,100,5
60604,2936,3,75.0|75.0|100.0,0.0|25.0,100,4
60606,2061,1,100.0,,100,1
60606,2063,1,100.0,,100,3
60606,2064,1,100.0,,100,4
60606,2067,1,100.0,,100,4
60606,2068,1,100.0,,100,2
60606,2069,1,100.0,,100,2
60606,2070,1,100.0,,100,3
60606,2080,1,100.0,,100,1
60606,2081,1,100.0,,100,4
60606,2084,1,100.0,,100,10
60606,2087,1,100.0,,100,11
60606,2088,1,100.0,,100,10
60606,2089,1,100.0,,100,5
60606,2090,1,100.0,,100,4
60606,2091,1,100.0,,100,10
60606,2093,1,100.0,,100,2
60606,2095,1,100.0,,100,2
60606,2096,1,100.0,,100,2
60606,2097,1,100.0,,100,4
60606,2099,1,100.0,,100,4
60606,2100,1,100.0,,100,3
60606,2103,1,100.0,,100,4
60606,2104,1,100.0,,100,9
60606,2106,1,100.0,,100,3
60606,2108,1,100.0,,100,3
60606,2109,1,100.0,,100,3
60606,2110,1,100.0,,100,3
60606,2111,1,100.0,,100,3
60606,2113,1,100.0,,100,4
60606,2114,1,100.0,,100,3
60606,2115,1,100.0,,100,6
60606,2117,1,100.0,,100,2
60606,2119,1,100.0,,100,3
60606,2120,1,100.0,,100,3
60606,2121,1,100.0,,100,4
60606,2124,2,50.0|100.0,50.0,100,4
60606,2126,1,100.0,,100,3
60606,2127,1,100.0,,100,3
60606,2134,1,100.0,,100,2
60606,2139,1,100.0,,100,1
60606,2140,1,100.0,,100,5
60606,2141,1,100.0,,100,2
60606,2142,1,100.0,,100,3
60606,2149,1,100.0,,100,3
60606,2151,1,100.0,,100,1
60606,2152,1,100.0,,100,3
60606,2153,1,100.0,,100,3
60606,2164,1,100.0,,100,2
60606,2167,1,100.0,,100,1
60606,2171,1,100.0,,100,3
60606,2173,1,100.0,,100,5
60606,2174,1,100.0,,100,10
60606,2177,1,100.0,,100,10
60606,2178,1,100.0,,100,4
60606,2179,1,100.0,,100,1
60606,2180,1,100.0,,100,5
60606,2181,1,100.0,,100,4
60606,2183,1,100.0,,100,4
60606,2184,1,100.0,,100,4
60606,2185,1,100.0,,100,4
60606,2186,1,100.0,,100,4
60606,2188,1,100.0,,100,2
60606,2190,1,100.0,,100,6
60606,2193,1,100.0,,100,3
60606,2196,1,100.0,,100,10
60606,2198,1,100.0,,100,5
60606,2199,1,100.0,,100,10
60606,2200,1,100.0,,100,10
60606,2203,1,100.0,,100,3
60606,2209,2,0.0|100.0,100.0,100,5
60606,2211,1,100.0,,100,5
60606,2212,1,100.0,,100,2
60606,2236,1,100.0,,100,3
60606,2237,1,100.0,,100,4
60606,2252,1,100.0,,100,4
60606,2253,1,100.0,,100,3
60606,2266,1,100.0,,100,6
60606,2273,1,100.0,,100,5
60606,2278,1,100.0,,100,4
60606,2279,1,100.0,,100,5
60606,2280,1,100.0,,100,3
60606,2283,1,100.0,,100,5
60606,2286,1,100.0,,100,5
60606,2289,1,100.0,,100,5
60606,2301,1,100.0,,100,6
60606,2307,1,100.0,,100,4
60606,2338,1,100.0,,100,4
60606,2339,1,100.0,,100,6
60606,2340,1,100.0,,100,4
60606,2341,1,100.0,,100,5
60606,2342,1,100.0,,100,3
60606,2344,1,100.0,,100,5
60606,2345,1,100.0,,100,6
60606,2346,1,100.0,,100,3
60606,2356,1,100.0,,100,5
60606,2357,1,100.0,,100,3
60606,2358,1,100.0,,100,4
60606,2359,1,100.0,,100,4
60606,2371,1,100.0,,100,4
60606,2373,1,100.0,,100,4
60606,2383,1,100.0,,100,5
60606,2386,1,100.0,,100,4
60606,2387,1,100.0,,100,4
60606,2388,1,100.0,,100,4
60606,2389,1,100.0,,100,4
60606,2390,1,100.0,,100,10
60606,2392,1,100.0,,100,4
60606,2394,1,100.0,,100,4
60606,2395,1,100.0,,100,4
60606,2396,1,100.0,,100,3
60606,2397,1,100.0,,100,10
60606,2406,1,100.0,,100,6
60606,2412,3,100.0|0.0|100.0,-100.0|100.0,100,3
60606,2415,2,100.0|100.0,0.0,100,5
60606,2423,1,100.0,,100,5
60606,2424,1,100.0,,100,4
60606,2425,1,100.0,,100,4
60606,2426,1,100.0,,100,5
60606,2438,1,100.0,,100,5
60606,2440,1,100.0,,100,5
60606,2441,1,100.0,,100,5
60606,2442,1,100.0,,100,5
60606,2444,1,100.0,,100,3
60606,2445,1,100.0,,100,5
60606,2449,1,100.0,,100,6
60606,2450,1,100.0,,100,5
60606,2451,1,100.0,,100,5
60606,2453,1,100.0,,100,5
60606,2454,1,100.0,,100,6
60606,2461,1,100.0,,100,5
60606,2462,1,100.0,,100,5
60606,2463,2,0.0|100.0,100.0,100,5
60606,2464,1,100.0,,100,5
60606,2465,1,100.0,,100,5
60606,2466,1,100.0,,100,6
60606,2467,1,100.0,,100,4
60606,2474,1,100.0,,100,4
60606,2482,1,100.0,,100,5
60606,2490,2,0.0|100.0,100.0,100,5
60606,2494,1,100.0,,100,5
60606,2498,1,100.0,,100,5
60606,2505,1,100.0,,100,5
60606,2514,1,100.0,,100,5
60606,2527,1,100.0,,100,3
60606,2530,1,100.0,,100,5
60606,2531,1,100.0,,100,5
60606,2534,1,100.0,,100,5
60606,2537,1,100.0,,100,5
60606,2542,1,100.0,,100,5
60606,2547,1,100.0,,100,5
60606,2548,1,100.0,,100,5
60606,2558,1,100.0,,100,5
60606,2561,1,100.0,,100,4
60606,2584,1,100.0,,100,5
60606,2589,1,100.0,,100,4
60606,2592,1,100.0,,100,4
60606,2610,1,100.0,,100,5
60606,2614,1,100.0,,100,4
60606,2615,1,100.0,,100,5
60606,2617,1,100.0,,100,3
60606,2618,1,100.0,,100,2
60606,2629,1,100.0,,100,4
60606,2647,1,100.0,,100,3
60606,2741,1,100.0,,100,5
60606,2892,1,100.0,,100,6
60606,2894,1,100.0,,100,5
60606,2908,1,100.0,,100,5
60606,2936,1,100.0,,100,4
60616,2061,1,100.0,,100,1
60616,2063,1,100.0,,100,3
60616,2064,1,100.0,,100,4
60616,2065,1,100.0,,100,4
60616,2067,1,100.0,,100,4
60616,2068,1,100.0,,100,2
60616,2069,1,100.0,,100,2
60616,2070,1,100.0,,100,3
60616,2093,1,100.0,,100,2
60616,2094,1,100.0,,100,4
60616,2095,1,100.0,,100,2
60616,2096,1,100.0,,100,2
60616,2097,1,100.0,,100,4
60616,2098,1,100.0,,100,3
60616,2099,1,100.0,,100,4
60616,2100,1,100.0,,100,3
60616,2105,1,100.0,,100,1
60616,2106,1,100.0,,100,3
60616,2108,1,100.0,,100,3
60616,2109,1,100.0,,100,3
60616,2110,1,100.0,,100,3
60616,2111,1,100.0,,100,3
60616,2114,1,100.0,,100,3
60616,2127,1,100.0,,100,3
60616,2134,1,100.0,,100,2
60616,2153,1,100.0,,100,3
60616,2176,1,100.0,,100,2
60616,2179,1,100.0,,100,1
60616,2252,1,100.0,,100,4
60616,2279,1,100.0,,100,5
60616,2280,1,100.0,,100,3
60616,2283,1,100.0,,100,5
60616,2307,1,100.0,,100,4
60616,2338,1,100.0,,100,4
60616,2341,1,100.0,,100,5
60616,2342,1,100.0,,100,3
60616,2344,1,100.0,,100,5
60616,2345,1,100.0,,100,6
60616,2346,1,100.0,,100,3
60616,2356,1,100.0,,100,5
60616,2357,1,100.0,,100,3
60616,2358,1,100.0,,100,4
60616,2359,1,100.0,,100,4
60616,2371,1,100.0,,100,4
60616,2386,1,100.0,,100,4
60616,2388,1,100.0,,100,4
60616,2389,1,100.0,,100,4
60616,2392,1,100.0,,100,4
60616,2394,1,100.0,,100,4
60616,2395,1,100.0,,100,4
60616,2423,1,100.0,,100,5
60616,2424,1,100.0,,100,4
60616,2425,1,100.0,,100,4
60616,2426,1,100.0,,100,5
60616,2438,1,100.0,,100,5
60616,2442,1,100.0,,100,5
60616,2445,1,100.0,,100,5
60616,2449,1,100.0,,100,6
60616,2450,1,100.0,,100,5
60616,2451,1,100.0,,100,5
60616,2453,1,100.0,,100,5
60616,2454,1,100.0,,100,6
60616,2461,1,100.0,,100,5
60616,2462,1,100.0,,100,5
60616,2463,1,100.0,,100,5
60616,2464,1,100.0,,100,5
60616,2465,1,100.0,,100,5
60616,2466,1,100.0,,100,6
60616,2467,2,0.0|100.0,100.0,100,4
60616,2494,1,100.0,,100,5
60616,2498,1,100.0,,100,5
60616,2505,1,100.0,,100,5
60616,2506,2,100.0|100.0,0.0,100,5
60616,2514,1,100.0,,100,5
60616,2530,1,100.0,,100,5
60616,2531,1,100.0,,100,5
60616,2537,1,100.0,,100,5
60616,2542,1,100.0,,100,5
60616,2584,1,100.0,,100,5
60616,2701,1,100.0,,100,4
60616,2718,1,100.0,,100,3
60616,2741,1,100.0,,100,5
60616,2936,1,75.0,,75,4
60619,2061,1,100.0,,100,1
60619,2063,2,66.67|100.0,33.33,100,3
60619,2064,1,100.0,,100,4
60619,2065,1,100.0,,100,4
60619,2067,1,100.0,,100,4
60619,2068,1,100.0,,100,2
60619,2069,1,100.0,,100,2
60619,2070,1,100.0,,100,3
60619,2081,2,0.0|100.0,100.0,100,4
60619,2084,4,10.0|10.0|20.0|100.0,0.0|10.0|80.0,100,10
60619,2085,21,0.0|0.0|0.0|11.11|0.0|0.0|0.0|0.0|11.11|0.0|11.11|22.22|33.33|44.44|55.56|66.67|77.78|88.89|100.0|0.0|100.0,0.0|0.0|11.11|-11.11|0.0|0.0|0.0|11.11|-11.11|11.11|11.11|11.11|11.11|11.120000000000005|11.11|11.11|11.11|11.11|-100.0|100.0,100,9
60619,2086,5,66.67|66.67|0.0|66.67|100.0,0.0|-66.67|66.67|33.33,100,3
60619,2087,27,0.0|45.45|45.45|45.45|54.55|45.45|45.45|54.55|63.64|72.73|81.82|90.91|90.91|90.91|45.45|45.45|54.55|63.64|72.73|81.82|90.91|90.91|81.82|90.91|81.82|100.0|100.0,45.45|0.0|0.0|9.099999999999994|-9.099999999999994|0.0|9.099999999999994|9.090000000000003|9.090000000000003|9.08999999999999|9.090000000000003|0.0|0.0|-45.459999999999994|0.0|9.099999999999994|9.090000000000003|9.090000000000003|9.08999999999999|9.090000000000003|0.0|-9.090000000000003|9.090000000000003|-9.090000000000003|18.180000000000007|0.0,100,11
60619,2088,20,10.0|10.0|20.0|30.0|20.0|30.0|40.0|50.0|60.0|50.0|60.0|70.0|60.0|60.0|70.0|80.0|0.0|80.0|90.0|100.0,0.0|10.0|10.0|-10.0|10.0|10.0|10.0|10.0|-10.0|10.0|10.0|-10.0|0.0|10.0|10.0|-80.0|80.0|10.0|10.0,100,10
60619,2089,7,0.0|20.0|40.0|60.0|0.0|80.0|100.0,20.0|20.0|20.0|-60.0|80.0|20.0,100,5
60619,2090,4,25.0|50.0|75.0|100.0,25.0|25.0|25.0,100,4
60619,2091,6,0.0|0.0|30.0|20.0|20.0|20.0,0.0|30.0|-10.0|0.0|0.0,20,10
60619,2093,3,0.0|0.0|100.0,0.0|100.0,100,2
60619,2094,1,100.0,,100,4
60619,2095,1,100.0,,100,2
60619,2096,1,100.0,,100,2
60619,2097,2,75.0|100.0,25.0,100,4
60619,2098,1,100.0,,100,3
60619,2099,1,100.0,,100,4
60619,2100,1,100.0,,100,3
60619,2103,8,0.0|25.0|25.0|25.0|25.0|25.0|25.0|25.0,25.0|0.0|0.0|0.0|0.0|0.0|0.0,25,4
60619,2104,10,0.0|0.0|22.22|33.33|44.44|55.56|66.67|77.78|88.89|100.0,0.0|22.22|11.11|11.11|11.120000000000005|11.11|11.11|11.11|11.11,100,9
60619,2105,1,100.0,,100,1
60619,2106,1,100.0,,100,3
60619,2108,2,0.0|100.0,100.0,100,3
60619,2109,1,100.0,,100,3
60619,2110,1,100.0,,100,3
60619,2111,1,100.0,,100,3
60619,2113,1,100.0,,100,4
60619,2114,1,100.0,,100,3
60619,2115,5,16.67|16.67|16.67|0.0|16.67,0.0|0.0|-16.67|16.67,16.67,6
60619,2116,1,100.0,,100,1
60619,2117,1,100.0,,100,2
60619,2119,1,100.0,,100,3
60619,2120,1,100.0,,100,3
60619,2121,4,0.0|0.0|25.0|100.0,0.0|25.0|75.0,100,4
60619,2122,1,100.0,,100,3
60619,2124,6,0.0|0.0|50.0|50.0|75.0|100.0,0.0|50.0|0.0|25.0|25.0,100,4
60619,2126,1,100.0,,100,3
60619,2127,1,100.0,,100,3
60619,2134,1,100.0,,100,2
60619,2139,1,100.0,,100,1
60619,2140,1,100.0,,100,5
60619,2141,1,100.0,,100,2
60619,2142,1,100.0,,100,3
60619,2145,1,100.0,,100,1
60619,2151,1,100.0,,100,1
60619,2152,1,100.0,,100,3
60619,2153,2,66.67|100.0,33.33,100,3
60619,2164,1,100.0,,100,2
60619,2168,2,12.5|25.0,12.5,25,8
60619,2169,1,100.0,,100,4
60619,2171,1,100.0,,100,3
60619,2172,2,0.0|100.0,100.0,100,5
60619,2173,1,100.0,,100,5
60619,2174,24,0.0|0.0|0.0|0.0|0.0|0.0|0.0|0.0|0.0|0.0|0.0|0.0|0.0|80.0|50.0|50.0|80.0|80.0|80.0|80.0|80.0|80.0|20.0|80.0,0.0|0.0|0.0|0.0|0.0|0.0|0.0|0.0|0.0|0.0|0.0|0.0|80.0|-30.0|0.0|30.0|0.0|0.0|0.0|0.0|0.0|-60.0|60.0,80,10
60619,2176,9,0.0|0.0|50.0|0.0|50.0|50.0|50.0|50.0|100.0,0.0|50.0|-50.0|50.0|0.0|0.0|0.0|50.0,100,2
60619,2177,13,0.0|0.0|10.0|20.0|20.0|30.0|40.0|50.0|60.0|70.0|80.0|90.0|100.0,0.0|10.0|10.0|0.0|10.0|10.0|10.0|10.0|10.0|10.0|10.0|10.0,100,10
60619,2178,1,100.0,,100,4
60619,2179,1,100.0,,100,1
60619,2180,3,0.0|20.0|100.0,20.0|80.0,100,5
60619,2181,1,100.0,,100,4
60619,2182,1,100.0,,100,5
60619,2183,1,100.0,,100,4
60619,2184,1,100.0,,100,4
60619,2185,1,100.0,,100,4
60619,2186,2,75.0|100.0,25.0,100,4
60619,2188,1,100.0,,100,2
60619,2190,10,66.67|83.33|83.33|83.33|83.33|0.0|0.0|83.33|83.33|100.0,16.659999999999997|0.0|0.0|0.0|-83.33|0.0|83.33|0.0|16.67,100,6
60619,2193,4,33.33|0.0|33.33|100.0,-33.33|33.33|66.67,100,3
60619,2196,19,0.0|0.0|0.0|10.0|20.0|10.0|20.0|30.0|40.0|50.0|50.0|40.0|40.0|50.0|60.0|70.0|80.0|90.0|100.0,0.0|0.0|10.0|10.0|-10.0|10.0|10.0|10.0|10.0|0.0|-10.0|0.0|10.0|10.0|10.0|10.0|10.0|10.0,100,10
60619,2198,15,0.0|0.0|0.0|20.0|0.0|20.0|20.0|0.0|0.0|0.0|20.0|40.0|60.0|80.0|100.0,0.0|0.0|20.0|-20.0|20.0|0.0|-20.0|0.0|0.0|20.0|20.0|20.0|20.0|20.0,100,5
60619,2199,1,100.0,,100,10
60619,2200,5,40.0|40.0|40.0|40.0|100.0,0.0|0.0|0.0|60.0,100,10
60619,2209,10,0.0|0.0|0.0|20.0|20.0|0.0|0.0|0.0|80.0|100.0,0.0|0.0|20.0|0.0|-20.0|0.0|0.0|80.0|20.0,100,5
60619,2211,1,100.0,,100,5
60619,2212,1,100.0,,100,2
60619,2236,1,100.0,,100,3
60619,2237,3,0.0|0.0|100.0,0.0|100.0,100,4
60619,2252,4,0.0|0.0|75.0|100.0,0.0|75.0|25.0,100,4
60619,2253,6,0.0|0.0|0.0|0.0|0.0|100.0,0.0|0.0|0.0|0.0|100.0,100,3
60619,2266,15,0.0|0.0|16.67|0.0|0.0|33.33|16.67|33.33|0.0|33.33|50.0|50.0|66.67|83.33|100.0,0.0|16.67|-16.67|0.0|33.33|-16.659999999999997|16.659999999999997|-33.33|33.33|16.67|0.0|16.67|16.659999999999997|16.67,100,6
60619,2273,6,0.0|0.0|20.0|20.0|40.0|60.0,0.0|20.0|0.0|20.0|20.0,60,5
60619,2278,1,100.0,,100,4
60619,2279,1,100.0,,100,5
60619,2280,1,100.0,,100,3
60619,2283,1,100.0,,100,5
60619,2286,1,100.0,,100,5
60619,2288,3,33.33|0.0|100.0,-33.33|100.0,100,6
60619,2289,3,80.0|80.0|100.0,0.0|20.0,100,5
60619,2291,1,100.0,,100,5
60619,2295,2,80.0|100.0,20.0,100,5
60619,2296,2,75.0|100.0,25.0,100,4
60619,2299,2,60.0|100.0,40.0,100,5
60619,2300,14,80.0|80.0|80.0|80.0|80.0|80.0|80.0|80.0|80.0|80.0|80.0|80.0|80.0|100.0,0.0|0.0|0.0|0.0|0.0|0.0|0.0|0.0|0.0|0.0|0.0|0.0|20.0,100,5
60619,2301,1,100.0,,100,6
60619,2304,3,0.0|0.0|100.0,0.0|100.0,100,4
60619,2307,3,0.0|0.0|100.0,0.0|100.0,100,4
60619,2308,1,100.0,,100,6
60619,2311,5,0.0|0.0|75.0|75.0|100.0,0.0|75.0|0.0|25.0,100,4
60619,2312,6,75.0|75.0|0.0|75.0|75.0|100.0,0.0|-75.0|75.0|0.0|25.0,100,8
60619,2315,1,100.0,,100,5
60619,2338,1,100.0,,100,4
60619,2339,1,100.0,,100,6
60619,2340,1,100.0,,100,4
60619,2341,2,0.0|100.0,100.0,100,5
60619,2342,4,0.0|0.0|0.0|100.0,0.0|0.0|100.0,100,3
60619,2344,3,0.0|0.0|100.0,0.0|100.0,100,5
60619,2345,5,0.0|0.0|0.0|0.0|100.0,0.0|0.0|0.0|100.0,100,6
60619,2346,3,0.0|0.0|100.0,0.0|100.0,100,3
60619,2356,4,60.0|60.0|60.0|100.0,0.0|0.0|40.0,100,5
60619,2357,1,100.0,,100,3
60619,2358,1,100.0,,100,4
60619,2359,1,100.0,,100,4
60619,2371,1,100.0,,100,4
60619,2373,1,100.0,,100,4
60619,2378,4,0.0|0.0|0.0|100.0,0.0|0.0|100.0,100,5
60619,2383,19,40.0|60.0|40.0|40.0|60.0|80.0|40.0|40.0|60.0|60.0|60.0|0.0|0.0|20.0|40.0|60.0|80.0|100.0|100.0,20.0|-20.0|0.0|20.0|20.0|-40.0|0.0|20.0|0.0|0.0|-60.0|0.0|20.0|20.0|20.0|20.0|20.0|0.0,100,5
60619,2386,1,100.0,,100,4
60619,2387,14,25.0|0.0|25.0|0.0|0.0|0.0|25.0|25.0|25.0|25.0|25.0|50.0|50.0|100.0,-25.0|25.0|-25.0|0.0|0.0|25.0|0.0|0.0|0.0|0.0|25.0|0.0|50.0,100,4
60619,2388,1,100.0,,100,4
60619,2389,2,0.0|100.0,100.0,100,4
60619,2390,19,10.0|20.0|30.0|20.0|30.0|40.0|30.0|40.0|30.0|40.0|50.0|50.0|60.0|70.0|80.0|90.0|90.0|90.0|100.0,10.0|10.0|-10.0|10.0|10.0|-10.0|10.0|-10.0|10.0|10.0|0.0|10.0|10.0|10.0|10.0|0.0|0.0|10.0,100,10
60619,2392,1,100.0,,100,4
60619,2394,3,0.0|0.0|100.0,0.0|100.0,100,4
60619,2395,1,100.0,,100,4
60619,2396,2,0.0|100.0,100.0,100,3
60619,2397,38,0.0|20.0|0.0|10.0|20.0|20.0|30.0|20.0|30.0|30.0|30.0|20.0|20.0|20.0|20.0|30.0|20.0|30.0|0.0|0.0|40.0|50.0|60.0|70.0|80.0|70.0|80.0|70.0|80.0|70.0|70.0|80.0|90.0|80.0|90.0|80.0|90.0|100.0,20.0|-20.0|10.0|10.0|0.0|10.0|-10.0|10.0|0.0|0.0|-10.0|0.0|0.0|0.0|10.0|-10.0|10.0|-30.0|0.0|40.0|10.0|10.0|10.0|10.0|-10.0|10.0|-10.0|10.0|-10.0|0.0|10.0|10.0|-10.0|10.0|-10.0|10.0|10.0,100,10
60619,2406,17,50.0|50.0|66.67|50.0|50.0|0.0|0.0|0.0|16.67|0.0|16.67|0.0|16.67|33.33|66.67|83.33|100.0,0.0|16.67|-16.67|0.0|-50.0|0.0|0.0|16.67|-16.67|16.67|-16.67|16.67|16.659999999999997|33.34|16.659999999999997|16.67,100,6
60619,2412,4,0.0|33.33|66.67|100.0,33.33|33.34|33.33,100,3
60619,2415,1,0.0,,100,5
60619,2423,1,100.0,,100,5
60619,2424,1,100.0,,100,4
60619,2425,1,100.0,,100,4
60619,2426,1,100.0,,100,5
60619,2438,1,100.0,,100,5
60619,2439,1,100.0,,100,4
60619,2440,1,100.0,,100,5
60619,2441,1,100.0,,100,5
60619,2442,1,100.0,,100,5
60619,2444,2,0.0|100.0,100.0,100,3
60619,2445,2,0.0|100.0,100.0,100,5
60619,2449,1,100.0,,100,6
60619,2450,1,100.0,,100,5
60619,2451,1,100.0,,100,5
60619,2453,2,0.0|100.0,100.0,100,5
60619,2454,1,100.0,,100,6
60619,2461,1,100.0,,100,5
60619,2462,1,100.0,,100,5
60619,2463,2,80.0|100.0,20.0,100,5
60619,2464,2,60.0|100.0,40.0,100,5
60619,2465,6,40.0|40.0|40.0|40.0|60.0|100.0,0.0|0.0|0.0|20.0|40.0,100,5
60619,2466,6,83.33|83.33|83.33|83.33|83.33|100.0,0.0|0.0|0.0|0.0|16.67,100,6
60619,2467,1,100.0,,100,4
60619,2474,1,100.0,,100,4
60619,2482,3,80.0|80.0|100.0,0.0|20.0,100,5
60619,2490,1,100.0,,100,5
60619,2494,1,100.0,,100,5
60619,2498,1,100.0,,100,5
60619,2505,2,60.0|100.0,40.0,100,5
60619,2506,1,100.0,,100,5
60619,2514,1,100.0,,100,5
60619,2527,2,33.33|100.0,66.67,100,3
60619,2530,1,100.0,,100,5
60619,2531,1,100.0,,100,5
60619,2534,1,100.0,,100,5
60619,2535,1,100.0,,100,2
60619,2537,1,100.0,,100,5
60619,2542,1,100.0,,100,5
60619,2547,2,0.0|100.0,100.0,100,5
60619,2548,1,100.0,,100,5
60619,2558,5,20.0|40.0|60.0|80.0|100.0,20.0|20.0|20.0|20.0,100,5
60619,2561,1,100.0,,100,4
60619,2584,1,100.0,,100,5
60619,2589,1,100.0,,100,4
60619,2592,4,25.0|50.0|75.0|100.0,25.0|25.0|25.0,100,4
60619,2607,3,25.0|75.0|100.0,50.0|25.0,100,4
60619,2610,1,100.0,,100,5
60619,2614,1,100.0,,100,4
60619,2615,1,100.0,,100,5
60619,2617,1,100.0,,100,3
60619,2618,1,100.0,,100,2
60619,2629,2,50.0|100.0,50.0,100,4
60619,2647,1,100.0,,100,3
60619,2701,1,100.0,,100,4
60619,2718,4,33.33|33.33|33.33|33.33,0.0|0.0|0.0,100,3
60619,2741,1,100.0,,100,5
60619,2892,11,0.0|0.0|0.0|0.0|0.0|0.0|0.0|0.0|16.67|83.33|100.0,0.0|0.0|0.0|0.0|0.0|0.0|0.0|16.67|66.66|16.67,100,6
60619,2894,1,100.0,,100,5
60619,2908,16,0.0|0.0|0.0|0.0|0.0|0.0|0.0|40.0|0.0|0.0|0.0|0.0|0.0|0.0|0.0|100.0,0.0|0.0|0.0|0.0|0.0|0.0|40.0|-40.0|0.0|0.0|0.0|0.0|0.0|0.0|100.0,100,5
60619,2936,5,0.0|50.0|0.0|50.0|100.0,50.0|-50.0|50.0|50.0,100,4
