case_id,平均做对时间,平均提交次数
2908,103417543.34042554,5.180851063829787
2172,32752161.386363637,3.2954545454545454
2179,11015763.25,1.2708333333333333
2176,277903687.8074074,3.140740740740741
2307,91095876.85416667,1.75
2804,16573027.826923076,2.2115384615384617
2456,7503846.806451613,1.3978494623655915
2450,10144175.391304348,1.7065217391304348
2081,11737794.444444444,1.8
2180,259349129.85333332,4.173333333333333
2190,153353100.3846154,4.615384615384615
2177,10978148.676470589,4.5
2892,36001206.21428572,3.619047619047619
2188,8136755.088235294,2.0294117647058822
2199,14018333.272727273,4.96969696969697
2198,93588962.21052632,3.736842105263158
2164,1543737.6756756757,1.4324324324324325
2531,743369.9885057472,1.4367816091954022
2894,42893871.92682927,2.317073170731707
2530,708454.6091954022,1.6781609195402298
2200,881541.8974358974,3.282051282051282
2936,27984967.68888889,3.9555555555555557
2474,2471886.177777778,1.6666666666666667
2173,971322.7608695652,1.2391304347826086
2171,2378742.6,1.6
2647,1147106.3488372094,2.8372093023255816
2548,7430347.76744186,2.8372093023255816
2547,65629085.652173914,1.7391304347826086
2589,461102.7826086957,1.3478260869565217
2169,2994930.6818181816,1.7045454545454546
2145,37646784.44186047,1.302325581395349
2607,132055778.3478261,2.0652173913043477
2629,18743282.53846154,2.6153846153846154
2561,9123299.5,1.326086956521739
2186,400864.45652173914,1.391304347826087
2142,29012094.976744186,3.0232558139534884
2185,21098512.93478261,1.934782608695652
2482,25885984.06521739,2.282608695652174
2141,882712.4888888889,1.7555555555555555
2184,14962241.391304348,1.2826086956521738
2140,8434556.512195121,4.219512195121951
2183,27531.739130434784,1.3043478260869565
2182,26422317.888888888,1.488888888888889
2181,320526.97826086957,1.4782608695652173
2614,60082939.43478261,1.565217391304348
2558,75054100.0,2.8222222222222224
2610,100812095.10869566,2.152173913043478
2212,6646.891304347826,1.1956521739130435
2618,20252148.85,1.725
2617,39525240.76190476,1.5
2615,7576105.833333333,1.4523809523809523
2494,42602444.7761194,1.2164179104477613
2373,24614265.931818184,2.1136363636363638
2252,26967265.82222222,1.8
2395,2070141.8444444444,1.8222222222222222
2394,31353307.888888888,1.8888888888888888
2371,43748.91111111111,1.4
2392,7458.7555555555555,1.1777777777777778
2701,31559432.609022558,1.9172932330827068
2426,8871.622222222222,1.0666666666666667
2425,61020.26666666667,1.511111111111111
2424,27128.68888888889,1.3333333333333333
2203,138802998.07142857,2.2857142857142856
2467,1212461.440860215,1.2150537634408602
2346,102141435.06818181,2.4318181818181817
2423,579131.0444444445,1.488888888888889
2466,712546.3478260869,1.4565217391304348
2345,42464.5393258427,1.6404494382022472
2389,35634.22727272727,1.7045454545454546
2344,2207516.3181818184,1.6818181818181819
2388,16563.62222222222,1.0888888888888888
2442,16650396.15328467,1.562043795620438
2209,175131987.85897437,3.141025641025641
2527,34740624.65853658,2.0569105691056913
2342,27778551.431818184,2.3863636363636362
2386,170084.33333333334,2.511111111111111
2341,52790883.0,1.6363636363636365
2340,22263769.449438203,2.202247191011236
2283,72581835.86666666,1.4
2061,134786663.25531915,1.3829787234042554
2280,20132.777777777777,1.3777777777777778
2438,11491543.0,1.4893617021276595
2339,1054479.5393258426,1.6404494382022472
2338,73383910.95652173,1.391304347826087
2359,131680.46666666667,1.5333333333333334
2358,76367.97777777778,1.4666666666666666
2357,7275.0,1.1363636363636365
2356,2035259.0227272727,2.1363636363636362
2279,22618076.82222222,2.088888888888889
2498,18565.08695652174,1.2391304347826086
2278,55895.681818181816,1.7045454545454546
2211,14914112.833333334,1.7738095238095237
2718,137733407.05747128,2.4367816091954024
2463,55269308.777777776,1.9777777777777779
2451,2200736.0,1.5384615384615385
2462,69097084.5,2.840909090909091
2461,26666048.175824177,1.3516483516483517
2537,129026.55555555556,1.6222222222222222
2449,153480.52747252746,1.6923076923076923
2514,35248376.67032967,1.4615384615384615
2445,70365277.24468085,2.0425531914893615
2741,2367287.7066666665,1.36
2542,691820.2781456953,1.2450331125827814
2454,120747595.42222223,1.8222222222222222
2465,59986306.177777775,1.8444444444444446
2453,37196.42222222222,1.2444444444444445
2464,69542928.13333334,1.4555555555555555
2506,7762716.406593407,2.021978021978022
2505,104490281.52173913,1.7391304347826086
2535,59341798.059210524,1.3289473684210527
2534,22582338.133333333,1.4476190476190476
2412,65806466.6,3.057142857142857
2444,76145828.8429752,2.396694214876033
2387,37215114.59375,2.46875
2441,5531757.090909091,1.2613636363636365
2396,8178790.244444445,2.4444444444444446
2440,6471654.597014925,1.4029850746268657
2152,3863861.704225352,1.704225352112676
2490,28954561.704545453,1.375
2070,197712.9347826087,2.652173913043478
2111,676062.3260869565,1.608695652173913
2099,614057.7173913043,1.2391304347826086
2110,54932.13043478261,1.4565217391304348
2153,2527860.4175824174,1.7802197802197801
2098,2307421.934782609,2.5869565217391304
2097,642430.8,1.8
2096,5422565.872340426,1.1914893617021276
2095,45248553.06521739,1.2173913043478262
2094,50704992.8,1.8
2093,39959.85106382979,1.2340425531914894
2108,46354184.02173913,1.3043478260869565
2106,51284694.0,1.5
2127,50009070.125,1.5208333333333333
2105,15074200.844444444,1.3333333333333333
2069,9597715.042553192,1.127659574468085
2068,6105400.255319149,1.8085106382978724
2109,130606.06521739131,1.2826086956521738
2067,299643.0869565217,1.4130434782608696
2584,21094818.29090909,1.209090909090909
2100,38378.36170212766,1.148936170212766
2122,17314.533333333333,1.0666666666666667
2121,47898109.666666664,1.9555555555555555
2065,62548904.65957447,1.872340425531915
2120,277809.93333333335,1.4222222222222223
2064,42110007.25531915,1.8297872340425532
2063,35200.82978723404,1.553191489361702
2117,23531.56818181818,1.1363636363636365
2116,7173825.5,1.2727272727272727
2114,10672161.222222222,1.2
2113,25348951.525,2.175
2134,9449627.489361702,1.4042553191489362
2080,4228283.87804878,1.6585365853658536
2088,6152060.75,3.7142857142857144
2087,110504946.3235294,6.352941176470588
2086,97811521.08333333,2.4722222222222223
2085,56244195.05555555,4.388888888888889
2084,228975765.94594595,5.4324324324324325
2196,33679976.4,4.057142857142857
2178,137127685.2179487,2.41025641025641
2592,11126863.43902439,2.1951219512195124
2193,96675235.83333333,2.2857142857142856
2397,90698108.15555556,7.377777777777778
2174,123918109.60294117,2.985294117647059
2115,172127594.17741936,3.774193548387097
2390,139705392.2647059,5.970588235294118
2126,406835.16279069765,1.5348837209302326
2119,62008.068181818184,1.3409090909090908
2253,66988471.03125,2.90625
2296,15658175.246153846,2.1846153846153844
2295,395155.8947368421,2.5789473684210527
2273,38613505.365384616,3.2115384615384617
2151,17946327.964285713,1.6785714285714286
2291,1990774.5,1.8666666666666667
2304,55879405.8051948,3.1818181818181817
2149,71290009.15686275,2.0784313725490198
2301,51048.357142857145,1.8214285714285714
2289,13684593.925925925,2.2962962962962963
2168,25163055.23636364,2.4545454545454546
2300,101059236.22580644,3.774193548387097
2266,61542495.448275864,2.9655172413793105
2288,57009575.2962963,2.4814814814814814
2167,7456585.689655173,1.3275862068965518
2308,18482770.61842105,2.276315789473684
2406,114607028.88333334,2.85
2286,11236451.4,1.8333333333333333
2383,36928232.4137931,3.206896551724138
2415,49599544.93333333,1.8333333333333333
2315,41194926.078947365,1.5
2237,2030690.5135135136,1.837837837837838
2236,12961618.470588235,2.6176470588235294
2312,42152487.05263158,2.026315789473684
2378,18931777.5,2.893939393939394
2311,181727161.32352942,3.5294117647058822
2299,30820138.65625,1.9375
2439,25696695.04347826,1.7971014492753623
2091,7076560.076923077,3.8461538461538463
2090,4449042.192307692,2.3846153846153846
2089,4257004.185185186,2.1481481481481484
2139,65296026.64,1.56
2104,32750448.766666666,3.533333333333333
2103,24240338.692307692,3.076923076923077
2124,12213132.875,3.0416666666666665
2309,50927210.578947365,3.263157894736842
2791,64092.54,1.8
2790,2909606.12,1.58
2789,51577285.530612245,1.6938775510204083
2800,187020.3,1.08
2822,39133488.708333336,2.2708333333333335
2821,141350.74509803922,1.3725490196078431
2820,166180.82352941178,1.2745098039215685
2809,14809942.632653061,1.346938775510204
2808,1432396.8163265307,1.6122448979591837
2829,176910.56,1.68
2807,1093005.4285714286,1.2244897959183674
2806,8711608.34,1.84
2828,91200.6530612245,1.2653061224489797
2827,1002889.4117647059,1.607843137254902
2805,119021.01960784313,2.6666666666666665
2826,44677855.591836736,2.020408163265306
2825,1730433.156862745,1.5098039215686274
2847,5544.2,1.12
2803,1963598.294117647,1.392156862745098
2846,58961158.72,1.7
2802,22552008.08,1.7
2812,1028148.5294117647,1.7843137254901962
2811,10225899.442307692,1.8076923076923077
2833,45818.5,1.46
2799,52414009.20408163,3.3877551020408165
2810,6588323.434782608,2.347826086956522
2798,132567696.52272727,3.522727272727273
2795,48781955.9,3.88
2794,46145.31914893617,1.1702127659574468
2818,49752089.52941176,1.5686274509803921
2839,7983.62,1.18
2817,8610002.122448979,1.8775510204081634
2816,30515.30612244898,1.469387755102041
2814,68039125.1632653,2.7142857142857144
2813,34050776.571428575,3.36734693877551
2793,179127088.6744186,3.5348837209302326
2792,21441466.386363637,1.5681818181818181
2801,29726.613636363636,1.2045454545454546
2788,8362045.697674419,2.255813953488372
2787,177070428.68292683,1.6585365853658536
2786,3410321.0714285714,2.1666666666666665
2797,1713011.3636363635,1.6136363636363635
2785,30893472.666666668,3.8444444444444446
2796,78463.84090909091,1.6818181818181819
2784,50456475.190476194,1.9047619047619047
2783,104820001.82978724,2.234042553191489
2819,30802997.033333335,2.522222222222222
2815,19247467.093023255,2.4069767441860463
2870,15034.761904761905,1.1428571428571428
2867,1506384.9761904762,1.2619047619047619
2845,86039423.95238096,3.0238095238095237
2823,90635886.81578948,3.4210526315789473
2844,116893075.04761904,3.380952380952381
2866,82558031.90476191,2.1666666666666665
2865,1531558.738095238,1.8571428571428572
2843,149098.7142857143,1.8095238095238095
2864,370534326.825,3.375
2842,287164.0,1.972972972972973
2863,1685412.0238095238,1.6666666666666667
2840,32270.119047619046,1.5
2861,25154649.88095238,1.4761904761904763
2849,51745776.52380952,1.4285714285714286
2848,93214188.45238096,2.5238095238095237
2868,18889.404761904763,1.5238095238095237
2824,79028301.04878049,1.6829268292682926
2834,867308.6829268293,1.5121951219512195
2877,29721.809523809523,1.380952380952381
2855,1542296.1904761905,1.8333333333333333
2854,78726832.23809524,2.9047619047619047
2832,2884634.5476190476,1.8333333333333333
2875,459424.2380952381,1.4285714285714286
2831,77242.07142857143,1.4761904761904763
2853,19066.85714285714,1.2619047619047619
2830,232457.46341463414,1.7560975609756098
2852,43058117.2,2.0
2873,50820815.833333336,3.3095238095238093
2851,18344.690476190477,1.2857142857142858
2872,184292.7619047619,1.7619047619047619
2850,60995208.4047619,2.761904761904762
2838,62326.30952380953,1.7619047619047619
2859,29200097.214285713,3.3095238095238093
2837,145446.95238095237,2.142857142857143
2836,1965055.880952381,2.357142857142857
2858,18808.64285714286,1.2857142857142858
2835,180632.09523809524,2.738095238095238
2857,530087330.825,7.125
2891,1873.7407407407406,1.0185185185185186
2890,330147.7021276596,1.3191489361702127
2889,11057.018518518518,1.1111111111111112
2922,8422242.62264151,1.490566037735849
2888,9134.489361702128,1.148936170212766
2921,98941.3829787234,1.6595744680851063
2887,169113.23636363636,1.0909090909090908
2920,1624025.111111111,1.6888888888888889
2886,711.4528301886793,1.0377358490566038
2885,31170567.659574468,1.8297872340425532
2841,48165.38636363636,1.2045454545454546
2884,8109.857142857143,1.125
2862,95900.12244897959,1.1224489795918366
2883,3620776.7735849055,1.4339622641509433
2882,27431293.85964912,2.4035087719298245
2860,161421.63636363635,1.3181818181818181
2929,22930.895833333332,1.2083333333333333
2928,72215360.79166667,2.1458333333333335
2927,1872047.9782608696,1.108695652173913
2926,201895.78723404257,1.127659574468085
2925,4984887.510638298,1.446808510638298
2869,70397.11320754717,1.6415094339622642
2924,100499.0,1.2608695652173914
2923,20588.558139534885,1.1395348837209303
2881,16087861.82142857,1.1964285714285714
2880,1771762.1090909091,2.0
2878,23660324.80357143,1.3392857142857142
2856,6949997.914893617,1.5957446808510638
2911,59352.30434782609,1.2173913043478262
2910,1529801.6458333333,1.4583333333333333
2876,656125.46,1.26
2930,23850.35185185185,1.1666666666666667
2874,37259912.75,1.625
2871,8166.888888888889,1.2592592592592593
2918,27798528.815789472,2.710526315789474
2917,9552018.0625,1.375
2916,3513231.063829787,1.574468085106383
2915,3190023.9183673467,1.5918367346938775
2914,66636121.854166664,2.4166666666666665
2913,4859614.555555556,1.3333333333333333
2879,39442.21276595745,1.3404255319148937
2909,6185951.80952381,1.5714285714285714
2900,14461475.829268293,1.5853658536585367
2955,90826363.85294117,2.7941176470588234
2898,13234711.585365854,1.6341463414634145
2985,64106.69047619047,1.4523809523809523
2952,61068923.9047619,1.5238095238095237
2896,34739338.0,3.358974358974359
2740,31075.9793814433,1.2371134020618557
2906,15160512.025,1.45
2904,55613.60975609756,1.6341463414634145
2947,32118801.06976744,1.302325581395349
2958,22576705.242424242,1.8484848484848484
2934,83259781.97297297,2.4864864864864864
2747,79224582.67567568,2.189189189189189
2671,20061.9,1.2
2197,25335059.707317073,1.3658536585365855
2195,56413948.12195122,1.4878048780487805
2194,43288121.97619048,2.0
2192,10709304.952380951,1.5
2207,22654.666666666668,1.380952380952381
2669,30600.19512195122,1.4634146341463414
2206,36671.0,1.4634146341463414
2668,2667.170731707317,1.0731707317073171
2205,102660876.675,1.55
2667,278178.8780487805,1.6829268292682926
2204,66361.5,1.8095238095238095
2665,3635.125,1.075
2202,31374265.6,1.9
2543,10810221.324324325,1.4594594594594594
2201,25856.214285714286,1.0714285714285714
2662,223.390243902439,1.024390243902439
2189,8650970.731707318,1.4634146341463414
2562,52304571.071428575,2.738095238095238
2661,32288.585365853658,1.146341463414634
2187,3835037.2093023257,1.4651162790697674
2658,31196.6,1.4
2656,19290676.45238095,1.4047619047619047
2655,18967.285714285714,1.2142857142857142
2653,4606.55,1.125
2651,4718.09756097561,1.0731707317073171
2673,1259.275,1.1
2659,924.9268292682926,1.048780487804878
2430,47219.380952380954,1.4047619047619047
2692,458914.8777777778,1.6444444444444444
2372,2772613.0465116277,2.0697674418604652
2293,6567.142857142857,1.1428571428571428
2427,4042590.3170731706,1.2682926829268293
2602,144849.3404255319,1.1914893617021276
2468,50118068.42553192,1.8297872340425532
2523,39113924.67816092,1.3908045977011494
2489,4430611.373626374,1.4285714285714286
2522,50926414.97777778,1.7222222222222223
2500,78334615.98876405,1.8764044943820224
2564,2479940.936170213,1.553191489361702
2729,1086106.4505494505,1.5604395604395604
2528,40300664.020134225,1.389261744966443
2429,5736.024390243902,1.170731707317073
2428,77162.76190476191,1.5714285714285714
2285,6698.536585365854,1.146341463414634
2284,61140836.07317073,1.975609756097561
2282,31277.585365853658,1.7073170731707317
2436,49206871.14893617,1.4893617021276595
2533,16382717.066037735,1.8584905660377358
2433,76113141.38709678,1.8494623655913978
2739,31291577.240384616,1.3557692307692308
2738,55222667.1368421,1.4
2737,546577.2905405406,1.364864864864865
2539,157327.1862745098,1.3529411764705883
2148,8425199.64516129,3.903225806451613
2125,50739353.73076923,1.6538461538461537
2147,41125510.80645161,2.6451612903225805
2146,34959181.02857143,1.6285714285714286
2220,12583865.962962963,2.5925925925925926
2150,1585745.7037037036,4.222222222222222
2133,18549.545454545456,1.1136363636363635
2155,2190729.6666666665,1.2380952380952381
2154,9545.84090909091,1.1136363636363635
2132,3970473.024390244,1.3414634146341464
2230,674845.0952380953,1.119047619047619
2131,47768.425,1.25
2130,135019.63636363635,1.6136363636363635
2107,15819.09090909091,1.1136363636363635
2129,3726147.302325581,1.3255813953488371
2128,88961.97727272728,1.2045454545454546
2227,164454376.1388889,2.6666666666666665
2226,186915.3488372093,1.2093023255813953
2102,149371.07142857142,1.119047619047619
2223,102710627.47619048,2.0238095238095237
2245,58451.84090909091,1.1363636363636365
2101,93049.40476190476,1.2619047619047619
2123,6180730.4772727275,1.2045454545454546
2240,7302484.785714285,2.357142857142857
2161,19821.363636363636,1.0909090909090908
2160,544332.9069767442,1.2790697674418605
2218,1633278.488372093,1.4883720930232558
2118,18844.295454545456,1.2272727272727273
2215,34653879.73809524,1.2619047619047619
2138,32177657.790697675,1.2093023255813953
2137,54179.02272727273,1.2045454545454546
2159,131274.65853658537,1.170731707317073
2158,3753145.619047619,1.5476190476190477
2136,1835185.465116279,1.1627906976744187
2157,15329859.452380951,1.4047619047619047
2135,1119128.511627907,1.2325581395348837
2112,112615.93181818182,1.1590909090909092
2156,2482.609756097561,1.1219512195121952
2219,1892896.9302325582,1.441860465116279
2298,1233.969696969697,1.0303030303030303
2375,189073314.16666666,4.666666666666667
2294,3665382.294117647,2.3823529411764706
2492,4810485.885714286,2.0
2391,4869.236842105263,1.0526315789473684
2292,22425545.55882353,1.3823529411764706
2306,30416106.47368421,2.6052631578947367
2405,68820539.45454545,2.606060606060606
2404,45553671.51351351,1.8918918918918919
2446,102608.5,1.5
2302,8777537.823529411,1.2058823529411764
2460,38505525.93939394,1.4545454545454546
2459,167820678.0810811,2.864864864864865
2458,57497.6,1.6
2435,2706.225,1.175
2457,39014126.4117647,2.911764705882353
2710,873505.4578313254,1.6265060240963856
2434,124765.5945945946,1.945945945945946
2455,49524162.28169014,2.5774647887323945
2432,95657292.225,1.7
2431,6699002.545454546,2.787878787878788
2448,173106.68181818182,1.6590909090909092
2443,6703765.545454546,1.4545454545454546
2495,210079.725,1.75
2491,81119.0,1.2093023255813953
2538,4457999.640776699,1.7766990291262137
2515,2591304.3636363638,1.4090909090909092
2536,71033078.953125,1.8984375
2525,1049226.858974359,1.5769230769230769
2601,24049.17391304348,1.2826086956521738
2634,28156685.222222224,1.6777777777777778
2513,374710.4431818182,1.4886363636363635
2579,82429446.16666667,1.8333333333333333
2578,3639135.7391304346,1.7608695652173914
2541,5250058.81443299,1.4948453608247423
2517,63310.15909090909,1.2045454545454546
2604,71677654.67391305,1.9782608695652173
2516,2257188.909090909,1.2954545454545454
2603,52707592.020833336,2.6875
2368,523082275.902439,5.170731707317073
2365,5196970.613636363,1.8181818181818181
2385,55064899.744186044,1.7906976744186047
2290,24266051.90909091,2.159090909090909
2210,88340104.64864865,5.621621621621622
2231,148481.16279069768,2.7906976744186047
2472,36507229.65116279,2.0697674418604652
2593,77918037.51282051,4.923076923076923
2546,58265.52272727273,1.4772727272727273
2689,15262872.02631579,1.4736842105263157
2688,25307303.463414636,1.8048780487804879
2687,1026706.675,1.9
2686,67184604.94736843,3.289473684210526
2685,16908.60975609756,1.5853658536585367
2684,19021040.897435896,2.0
2208,100050365.25641026,3.7948717948717947
2287,2041875.7,2.875
2683,214677384.0,2.9743589743589745
2682,53019741.585365854,3.1707317073170733
2681,1826026.9047619049,1.3571428571428572
2680,44261.94871794872,1.5897435897435896
2481,1941169.2727272727,1.25
2480,26671.13953488372,1.744186046511628
2281,44331.767441860466,1.6511627906976745
2679,5186887.073170732,1.7317073170731707
2479,33690365.13636363,3.8636363636363638
2677,346474.46341463417,1.2682926829268293
2478,1727787.7777777778,1.4444444444444444
2676,35258788.71428572,2.0952380952380953
2675,4698.2558139534885,1.1162790697674418
2477,42330982.317073174,2.5609756097560976
2944,98155.41304347826,1.891304347826087
2964,173455801.86842105,5.157894736842105
2941,179841.5,2.9782608695652173
2951,26729983.577777777,2.8666666666666667
2940,118090413.07894737,2.8947368421052633
2962,73473358.575,4.1
2950,190145859.4651163,3.9302325581395348
2960,26232290.31707317,3.4878048780487805
2939,58907296.63636363,3.522727272727273
2938,35795046.74468085,1.702127659574468
2949,54857317.85106383,3.574468085106383
2937,12508.489361702128,1.1702127659574468
2959,33755257.59090909,3.4318181818181817
2935,1305952.956521739,1.7826086956521738
2912,57840358.75,1.4375
2251,9319017.930232558,2.046511627906977
2328,3383016.976744186,2.697674418604651
2229,13348.697674418605,1.302325581395349
2327,15153916.318181818,2.0454545454545454
2228,842251.1463414634,1.5365853658536586
2249,4362344.6,1.8
2325,282772.0652173913,3.0
2248,162374.9512195122,1.9268292682926829
2247,42568914.075,1.825
2225,45199.1,1.8
2323,861870.9318181818,1.8409090909090908
2224,164015.7441860465,2.511627906976744
2246,1273008.975609756,1.7073170731707317
2244,10505957.75609756,1.8048780487804879
2222,32331992.833333332,2.5952380952380953
2243,234305.36585365853,1.6097560975609757
2320,1067358.0,2.975
2166,68910414.6111111,3.611111111111111
2242,14203364.909090908,1.4318181818181819
2241,88162.58536585367,1.3902439024390243
2163,324805.6046511628,2.046511627906977
2162,25410337.10714286,2.25
2317,948892.3170731707,1.7073170731707317
2217,10495155.121951219,1.3170731707317074
2216,900897.582278481,2.050632911392405
2238,18692.95238095238,1.5238095238095237
2335,2239521.6464646463,1.8080808080808082
2214,104116.90697674418,1.558139534883721
2334,520688.7555555556,1.8444444444444446
2333,89177858.22727273,2.75
2376,329419371.6666667,3.761904761904762
2277,100782709.35897435,2.6923076923076925
2319,5484783.837209302,2.3488372093023258
2221,63588140.55263158,2.1315789473684212
2254,45486922.64864865,3.445945945945946
2265,69060987.78571428,3.4642857142857144
2232,153078970.7857143,6.214285714285714
2165,141292.32432432432,1.864864864864865
2264,81578503.25806452,6.354838709677419
2175,59541819.8,2.9
2337,134058865.0,6.027777777777778
2303,34246979.77142857,3.2285714285714286
2213,399996.4516129032,1.7419354838709677
2234,86461526.51724137,7.275862068965517
2233,61621589.942857146,5.085714285714285
2702,65024894.219512194,3.5121951219512195
2635,1072099.1363636365,2.090909090909091
2645,44043.666666666664,1.4761904761904763
2644,140303.39024390245,2.4634146341463414
2643,421687.64285714284,1.5
2566,532438.3846153846,3.076923076923077
2576,52571584.0,2.4285714285714284
2642,27588508.95,2.15
2565,601986.2195121951,2.8048780487804876
2641,316012.4186046512,2.372093023255814
2630,24648702.272727273,3.6136363636363638
2575,81969.95,1.525
2773,20384309.14893617,2.3297872340425534
2563,2911659.0975609757,3.2195121951219514
2606,15902220.0,1.6013986013986015
2639,30176839.626506023,2.253012048192771
2637,190904.66666666666,2.2444444444444445
2526,44149675.35,3.14
2504,58599888.65909091,2.6363636363636362
2488,137814.27272727274,2.227272727272727
2520,34472910.75,1.9772727272727273
2399,104444349.73170732,3.1707317073170733
2496,256248.44186046513,2.2093023255813953
2551,52578.243902439026,1.170731707317073
2297,6359252.644444444,1.9333333333333333
2550,76951.0487804878,1.4634146341463414
2572,55421694.80487805,3.8292682926829267
2351,82086526.61290322,3.6774193548387095
2493,29263.595238095237,1.2380952380952381
2503,37122400.0,3.973684210526316
2349,37226636.13235294,1.4264705882352942
2447,37456.380952380954,1.8571428571428572
2502,8435870.954545455,2.7954545454545454
2369,1234620.1627906978,2.255813953488372
2501,46891.642857142855,1.3571428571428572
2508,8052945.666666667,2.3333333333333335
2437,2634531.4102564105,2.871794871794872
2314,431633.6,2.9714285714285715
2512,117914.17073170732,1.3658536585365855
2556,102682.78048780488,1.7560975609756098
2313,183736023.4871795,5.846153846153846
2511,293547.41025641025,2.5641025641025643
2555,21753.333333333332,1.5952380952380953
2499,2006877.325,4.35
2554,6974484.525,2.2
2553,20027261.714285713,3.7714285714285714
2597,126922.17073170732,2.6097560975609757
2552,36496347.35,3.075
2310,152378720.0967742,8.419354838709678
2318,181324607.2352941,6.176470588235294
2666,22608.132075471698,1.509433962264151
2663,64512777.90909091,1.1272727272727272
2672,243158.03773584907,1.169811320754717
2473,82631563.55,1.875
2691,75751466.62162162,2.0
2471,1731708.8292682928,2.3902439024390243
2690,242498524.56756756,3.810810810810811
2590,35263322.65853658,2.951219512195122
2724,4184.804878048781,1.1219512195121952
2723,20792.853658536584,1.5609756097560976
2646,11616.365853658537,1.3902439024390243
2722,4615.024390243902,2.268292682926829
2721,23376.80487804878,1.853658536585366
2487,30879442.536585364,2.5121951219512195
2761,17162.878048780487,1.4146341463414633
2486,88900498.87179486,2.0256410256410255
2728,18641803.60526316,2.0526315789473686
2727,75226561.86486487,2.6216216216216215
2649,49009059.12195122,2.073170731707317
2725,157674744.5526316,2.3421052631578947
2760,16679.39024390244,1.4878048780487805
2485,43134732.25,1.975
2484,60898935.36585366,2.8292682926829267
2560,40006894.125,1.825
2483,175889.24390243902,1.5121951219512195
2559,3525672.1219512196,1.5121951219512195
2557,22638170.82926829,2.317073170731707
2755,7107632.375,2.475
2732,41670647.025,1.85
2336,44147061.026315786,2.710526315789474
2731,93473.51282051283,1.4871794871794872
2730,1673377.1707317072,1.6829268292682926
2759,27480.731707317074,1.5121951219512195
2954,156089207.3611111,3.4444444444444446
2975,17592395.26190476,1.4523809523809523
2942,29286117.536585364,3.926829268292683
2963,165765624.7777778,2.9444444444444446
2974,121722.05555555556,2.0833333333333335
2984,54080381.76190476,2.880952380952381
2961,72244602.4736842,1.9473684210526316
2972,194405527.8888889,5.638888888888889
2970,17008050.5,2.78125
2981,16349918.17142857,2.5142857142857142
2969,170034136.05882353,3.2058823529411766
2979,21158.5,1.3333333333333333
2946,2193248.536585366,1.951219512195122
2957,18422084.91891892,2.081081081081081
2968,67407889.48571429,2.2
2978,77209421.92857143,5.857142857142857
2945,59488577.34146342,2.2195121951219514
2956,194743257.3611111,2.9166666666666665
2305,15963594.612903226,3.4516129032258065
2316,79716435.1,4.9
2348,1806238.5666666667,3.2666666666666666
2347,60620636.25,4.125
2235,164492042.63636363,2.606060606060606
2343,12181.4375,1.125
2354,28694438.732394367,2.619718309859155
2331,74657348.12121212,3.303030303030303
2352,174325681.625,2.40625
2704,39518300.14117647,1.388235294117647
2374,1937393.0595238095,1.869047619047619
2470,81929664.35135135,2.2162162162162162
2393,209800.84210526315,1.894736842105263
2469,50545748.21052632,2.026315789473684
2384,52362.31578947369,1.6578947368421053
2521,51102386.166666664,2.119047619047619
2532,110317486.51282051,2.128205128205128
2497,28805949.975,1.625
2519,106301.85714285714,1.880952380952381
2529,44372492.34313726,1.9411764705882353
2650,45678.97222222222,1.75
2353,70554588.0,2.942857142857143
2524,258218253.69444445,3.9722222222222223
2600,146126219.31428573,1.9428571428571428
2400,43398302.86666667,3.566666666666667
2509,348676.9210526316,1.605263157894737
2605,8073344.027777778,2.638888888888889
2549,101542.56756756757,1.837837837837838
2648,1509716.8055555555,3.138888888888889
2540,37979634.65625,3.0
2660,4937897.05952381,1.630952380952381
2382,28987663.846153848,2.5641025641025643
2416,60676249.5945946,2.081081081081081
2636,2985887.285714286,2.3142857142857145
2657,253926.9705882353,2.235294117647059
2633,33708758.91891892,2.7027027027027026
2699,99601754.85294117,4.382352941176471
2599,1174504.6857142858,2.1714285714285713
2632,139170.3142857143,2.5142857142857142
2654,80067.16666666667,1.5
2598,1149087.0,1.75
2631,321416.2702702703,3.2162162162162162
2697,76718396.6388889,1.6944444444444444
2696,96785.45714285714,2.5714285714285716
2355,8063367.606060606,3.787878787878788
2695,211339.77142857143,2.2
2398,36107380.558823526,3.7941176470588234
2638,45452.67567567567,1.837837837837838
2092,480257217.38095236,6.0476190476190474
2276,56264171.384615384,2.076923076923077
2275,245320144.2162162,2.2162162162162162
2330,101991703.84210527,4.052631578947368
2250,168510921.7857143,1.9761904761904763
2370,20379851.63414634,1.6341463414634145
2403,1061960.738095238,1.5714285714285714
2326,321398.75675675675,2.027027027027027
2402,8132.875,1.1
2401,47236331.58974359,1.4871794871794872
2324,92675425.05,2.025
2367,54722689.414634146,1.7560975609756098
2421,319370.4651162791,2.1627906976744184
2322,1464709.8974358975,2.0256410256410255
2420,1283157.6744186047,1.5348837209302326
2321,110136643.83783785,3.2162162162162162
2409,4169854.302325581,2.046511627906977
2408,5998478.19047619,2.261904761904762
2407,93898.37209302325,1.697674418604651
2329,57655262.63888889,1.9722222222222223
2364,114424.89743589744,1.5128205128205128
2363,149243.83720930232,1.372093023255814
2362,8542483.048780488,1.7804878048780488
2360,42935.59459459459,1.6756756756756757
2381,74916010.325,2.025
2239,95003174.76923077,2.3846153846153846
2379,2134087.175,1.75
2411,6621939.930232558,1.8837209302325582
2377,1518449.2790697673,2.186046511627907
2332,26314582.333333332,1.75
2419,14196.906976744185,1.255813953488372
2518,18483015.860465117,1.9069767441860466
2694,33228599.35135135,1.5405405405405406
2570,52684381.55555555,1.9722222222222223
2745,24731995.30487805,1.548780487804878
2711,2311334.7045454546,1.1931818181818181
2567,81734798.89473684,1.894736842105263
2720,174433.8108108108,1.6216216216216217
2707,30364971.416666668,1.4375
2706,119008745.6388889,2.111111111111111
2717,19193377.41860465,1.7674418604651163
2716,33635415.56790123,3.654320987654321
2705,31390984.943820223,1.6629213483146068
2726,10389890.82142857,1.2976190476190477
2715,126041091.04761904,2.261904761904762
2703,84373607.75609756,2.926829268292683
2573,832993.5192307692,2.0
2771,7661.02,1.18
2594,489660.8461538461,1.1153846153846154
2770,35492445.93181818,1.7727272727272727
2670,46649751.2264151,1.3584905660377358
2591,2175653.1304347827,1.7173913043478262
2768,13620.69387755102,1.3673469387755102
2767,70461491.23404256,1.702127659574468
2766,6890817.42,1.28
2545,39573058.78,1.44
2765,37215.479166666664,1.1666666666666667
2544,47171207.38,1.96
2764,42668.51063829787,1.2340425531914894
2763,63104714.29545455,1.4318181818181819
2762,45081.57777777778,1.1333333333333333
2609,17008893.960784312,1.3725490196078431
2905,126793.32075471699,1.1132075471698113
2780,18744.125,1.1875
2779,83125.1875,1.3125
2778,563250.7234042553,1.3404255319148937
2678,9628.938775510203,1.2448979591836735
2777,25738.529411764706,1.4509803921568627
2775,16573.235294117647,1.411764705882353
2774,31474.04081632653,1.2653061224489797
2476,155084.46808510637,1.3617021276595744
2674,70618.83333333333,1.3125
2574,118088.28846153847,1.5
2772,7760.02,1.18
2475,11268.416666666666,1.1458333333333333
2991,71367588.0677966,1.9322033898305084
2980,23243379.29411765,1.7647058823529411
2990,4668.683333333333,1.05
2988,5149.1,1.1666666666666667
2977,40385706.679245286,1.490566037735849
2966,15193830.875,1.325
2987,15548203.629032258,1.2096774193548387
2976,96702159.3877551,2.0816326530612246
2965,21237962.18,1.38
2986,47602269.7,1.4
2973,16715914.23076923,1.1923076923076923
2983,25348277.510638297,1.872340425531915
2971,213050809.81632653,1.9795918367346939
2948,37364964.127272725,1.7454545454545454
2989,22258.120689655174,1.1724137931034482
2967,76288.4705882353,1.2941176470588236
2693,5877502.068181818,1.5454545454545454
2744,8230.804347826086,1.1521739130434783
2743,536145.880952381,1.4523809523809523
2742,8300243.720930233,1.6744186046511629
2708,9830962.25,2.409090909090909
2749,1515477.4523809524,2.0238095238095237
2902,8258631.44,1.14
2782,103211.0,1.8666666666666667
2781,131313.51162790696,1.9534883720930232
2713,9810431.355555555,1.8888888888888888
2735,16259.255319148937,1.3829787234042554
2757,231769.68181818182,1.75
2712,28086778.790697675,1.372093023255814
2734,36192.04761904762,1.2857142857142858
2733,2886129.052631579,1.9736842105263157
2776,24695771.458333332,1.6041666666666667
2698,8377535.191489362,1.702127659574468
2510,4297199.325,1.8
2652,9014933.680851065,2.382978723404255
2719,1541482.6,1.2666666666666666
2758,14936698.553191489,1.5319148936170213
2714,45253726.6,2.422222222222222
2736,17522.063829787236,1.3191489361702127
2595,5969975.551724138,1.1896551724137931
2452,90772.10909090909,1.3636363636363635
2625,78588545.65384616,2.1923076923076925
2624,127936160.62962963,1.462962962962963
2623,18581.418181818182,1.309090909090909
2622,25079233.649122808,2.473684210526316
2621,6653484.275862069,1.4482758620689655
2620,756181.406779661,1.1864406779661016
2587,107394.30357142857,1.3214285714285714
2586,63110.017857142855,1.3928571428571428
2585,4663439.518518519,1.4814814814814814
2608,129439109.17307693,2.019230769230769
2628,8834194.020833334,1.2708333333333333
2627,65387286.541666664,2.2291666666666665
2901,44860.80701754386,1.4210526315789473
2626,40585522.90909091,1.309090909090909
2583,47689308.836363636,1.4727272727272727
2582,9266.160714285714,1.125
2361,105680.54545454546,1.309090909090909
2581,87748.27777777778,1.2222222222222223
2580,29739756.85185185,1.6296296296296295
2899,69536.08620689655,1.206896551724138
2613,8198826.846153846,1.6730769230769231
2414,649649.8333333334,1.4074074074074074
2612,186264049.6122449,1.6938775510204083
2413,56936991.45283019,1.6415094339622642
2895,742285.7678571428,1.1607142857142858
2410,64893888.345454544,2.018181818181818
2619,151475.3137254902,1.3137254901960784
2418,67371.52727272727,1.4
2616,17896317.056603774,1.2075471698113207
2417,10586889.410714285,1.2142857142857142
2756,45478.458333333336,1.2083333333333333
2754,61747.04,1.36
2750,25720.392156862745,1.2549019607843137
2571,31173663.086956523,1.2173913043478262
2746,5286526.78,1.4
2897,40456.88679245283,1.2264150943396226
2577,48176298.75,1.6875
2753,101779.04,1.34
2752,25519549.40425532,1.297872340425532
2751,11694500.469387755,1.8571428571428572
2640,14245672.68627451,1.2941176470588236
2709,1804201.4130434783,1.2173913043478262
2748,13078209.02,2.66
2769,1849456.170212766,1.2765957446808511
2422,67506455.29545455,1.6136363636363635
2903,8278746.270833333,1.4583333333333333
2893,8025670.450980392,1.2941176470588236
2953,212830001.18867925,3.0377358490566038
2588,16382358.274509804,2.0588235294117645
2350,73944587.28571428,2.2
