case_id,所有提交平均分,所有提交中位数,所有提交众数,最终分数平均分,最终分数中位数,最终分数众数,做的人数,做对人数
2908,31.498973305954827,0.0,0.0,97.23404255319149,100.0,100,94,90
2172,47.86206896551724,40.0,100.0,95.0,100.0,100,44,40
2179,91.80327868852459,100.0,100.0,100.0,100.0,100,48,48
2176,48.58490566037736,50.0,0.0,98.14814814814815,100.0,100,135,130
2307,71.72619047619048,100.0,100.0,96.875,100.0,100,48,46
2804,64.34773913043477,100.0,100.0,98.07692307692308,100.0,100,52,51
2456,87.53846153846153,100.0,100.0,99.78494623655914,100.0,100,93,92
2450,76.05095541401273,100.0,100.0,98.47826086956522,100.0,100,92,89
2081,62.34567901234568,100.0,100.0,100.0,100.0,100,45,45
2180,37.82747603833866,20.0,20.0,84.26666666666667,100.0,100,75,60
2190,56.850944444444444,83.33,83.33,93.58923076923075,100.0,100.0,39,32
2177,43.4640522875817,30.0,0.0,94.11764705882354,100.0,100,34,31
2892,48.79381578947368,50.0,0.0,99.20619047619047,100.0,100.0,42,40
2188,52.89855072463768,50.0,100.0,97.05882352941177,100.0,100,34,33
2199,51.52439024390244,50.0,100.0,95.15151515151516,100.0,100,33,31
2198,45.352112676056336,40.0,0.0,76.3157894736842,100.0,100,38,28
2164,74.52830188679245,100.0,100.0,100.0,100.0,100,37,37
2531,76.48,100.0,100.0,100.0,100.0,100,87,87
2894,59.1578947368421,80.0,100.0,100.0,100.0,100,41,41
2530,64.24657534246575,100.0,100.0,100.0,100.0,100,87,87
2200,58.28125,70.0,100.0,94.87179487179488,100.0,100,39,36
2936,52.949438202247194,50.0,100.0,93.88888888888889,100.0,100,45,41
2474,65.66666666666667,100.0,100.0,98.88888888888889,100.0,100,45,44
2173,85.6140350877193,100.0,100.0,100.0,100.0,100,46,46
2171,62.962916666666665,100.0,100.0,100.0,100.0,100,45,45
2647,57.10368852459016,66.67,100.0,100.0,100.0,100,43,43
2548,55.90163934426229,80.0,100.0,99.53488372093024,100.0,100,43,42
2547,64.25,100.0,100.0,99.56521739130434,100.0,100,46,45
2589,81.45161290322581,100.0,100.0,100.0,100.0,100,46,46
2169,61.666666666666664,100.0,100.0,100.0,100.0,100,44,44
2145,83.92857142857143,100.0,100.0,100.0,100.0,100,43,43
2607,58.1578947368421,75.0,100.0,97.82608695652173,100.0,100,46,44
2629,48.28431372549019,25.0,100.0,98.71794871794872,100.0,100,39,38
2561,78.68852459016394,100.0,100.0,98.91304347826087,100.0,100,46,45
2186,79.6875,100.0,100.0,100.0,100.0,100,46,46
2142,37.692,0.0,0.0,97.67441860465117,100.0,100.0,43,41
2185,62.640449438202246,100.0,100.0,96.19565217391305,100.0,100,46,44
2482,65.14285714285714,80.0,100.0,100.0,100.0,100,46,46
2141,60.12658227848101,100.0,100.0,100.0,100.0,100,45,45
2184,85.59322033898304,100.0,100.0,100.0,100.0,100,46,46
2140,53.410404624277454,60.0,60.0,94.63414634146342,100.0,100,41,38
2183,80.0,100.0,100.0,100.0,100.0,100,46,46
2182,71.34328358208955,100.0,100.0,100.0,100.0,100,45,45
2181,75.0,100.0,100.0,100.0,100.0,100,46,46
2614,78.47222222222223,100.0,100.0,100.0,100.0,100,46,46
2558,52.75590551181102,60.0,100.0,100.0,100.0,100,45,45
2610,56.36363636363637,80.0,100.0,98.26086956521739,100.0,100,46,45
2212,90.9090909090909,100.0,100.0,100.0,100.0,100,46,46
2618,74.6376811594203,100.0,100.0,100.0,100.0,100,40,40
2617,79.3652380952381,100.0,100.0,100.0,100.0,100,42,42
2615,80.0,100.0,100.0,100.0,100.0,100,42,42
2494,87.23926380368098,100.0,100.0,100.0,100.0,100,134,134
2373,70.43010752688173,75.0,100.0,98.29545454545455,100.0,100,44,43
2252,63.888888888888886,100.0,100.0,96.11111111111111,100.0,100,45,43
2395,56.09756097560975,100.0,100.0,100.0,100.0,100,45,45
2394,57.94117647058823,100.0,100.0,100.0,100.0,100,45,45
2371,73.01587301587301,100.0,100.0,100.0,100.0,100,45,45
2392,89.62264150943396,100.0,100.0,100.0,100.0,100,45,45
2701,69.41176470588235,100.0,100.0,97.18045112781955,100.0,100,133,126
2426,97.91666666666667,100.0,100.0,100.0,100.0,100,45,45
2425,74.63235294117646,100.0,100.0,100.0,100.0,100,45,45
2424,89.58333333333333,100.0,100.0,100.0,100.0,100,45,45
2203,55.208124999999995,66.67,100.0,97.61904761904762,100.0,100,42,41
2467,85.39823008849558,100.0,100.0,99.19354838709677,100.0,100,93,92
2346,52.33644859813084,66.67,100.0,100.0,100.0,100,44,44
2423,72.23880597014926,100.0,100.0,100.0,100.0,100,45,45
2466,82.33805970149253,100.0,100.0,100.0,100.0,100,46,46
2345,71.34684931506848,100.0,100.0,99.62550561797752,100.0,100.0,89,88
2389,62.666666666666664,100.0,100.0,100.0,100.0,100,44,44
2344,64.32432432432432,100.0,100.0,100.0,100.0,100,44,44
2388,95.40816326530613,100.0,100.0,100.0,100.0,100,45,45
2442,78.03738317757009,100.0,100.0,99.7080291970803,100.0,100,137,135
2209,52.734693877551024,40.0,100.0,90.51282051282051,100.0,100,78,69
2527,63.24102766798419,100.0,100.0,99.45796747967479,100.0,100.0,123,122
2342,44.761809523809525,0.0,0.0,100.0,100.0,100,44,44
2386,69.69026548672566,75.0,100.0,100.0,100.0,100,45,45
2341,78.05555555555556,100.0,100.0,99.0909090909091,100.0,100,44,42
2340,68.23979591836735,87.5,100.0,98.03370786516854,100.0,100,89,86
2283,74.28571428571429,100.0,100.0,100.0,100.0,100,45,45
2061,86.15384615384616,100.0,100.0,97.87234042553192,100.0,100,47,46
2280,79.03209677419355,100.0,100.0,100.0,100.0,100,45,45
2438,80.0,100.0,100.0,100.0,100.0,100,47,47
2339,73.74410958904109,100.0,100.0,98.6891011235955,100.0,100.0,89,86
2338,76.5625,100.0,100.0,98.3695652173913,100.0,100,46,44
2359,73.91304347826087,100.0,100.0,100.0,100.0,100,45,45
2358,68.18181818181819,100.0,100.0,100.0,100.0,100,45,45
2357,90.0,100.0,100.0,100.0,100.0,100,44,44
2356,58.51063829787234,60.0,100.0,98.18181818181819,100.0,100,44,42
2279,68.72340425531915,80.0,100.0,98.22222222222223,100.0,100,45,44
2498,85.26315789473684,100.0,100.0,97.82608695652173,100.0,100,46,45
2278,69.66666666666667,100.0,100.0,100.0,100.0,100,44,44
2211,75.30201342281879,100.0,100.0,96.9047619047619,100.0,100,84,80
2718,61.71389150943397,66.67,100.0,97.50954022988506,100.0,100.0,174,166
2463,71.46067415730337,100.0,100.0,100.0,100.0,100,45,45
2451,75.14285714285714,100.0,100.0,99.56043956043956,100.0,100,91,90
2462,76.0,80.0,100.0,99.0909090909091,100.0,100,44,42
2461,89.26829268292683,100.0,100.0,100.0,100.0,100,91,91
2537,69.86301369863014,100.0,100.0,100.0,100.0,100,45,45
2449,73.3764935064935,100.0,100.0,98.9010989010989,100.0,100,91,90
2514,78.49624060150376,100.0,100.0,98.9010989010989,100.0,100,91,90
2445,63.125,90.0,100.0,97.02127659574468,100.0,100,94,90
2741,83.43137254901961,100.0,100.0,99.33333333333333,100.0,100,150,148
2542,87.55319148936171,100.0,100.0,99.33774834437087,100.0,100,151,150
2454,75.65073170731708,100.0,100.0,100.0,100.0,100,45,45
2465,72.7710843373494,100.0,100.0,100.0,100.0,100,45,45
2453,86.78571428571429,100.0,100.0,100.0,100.0,100,45,45
2464,85.34351145038168,100.0,100.0,99.55555555555556,100.0,100,90,89
2506,74.67391304347827,100.0,100.0,100.0,100.0,100,91,91
2505,72.5,100.0,100.0,99.1304347826087,100.0,100,46,44
2535,81.68316831683168,100.0,100.0,99.34210526315789,100.0,100,152,150
2534,71.97368421052632,100.0,100.0,100.0,100.0,100,105,105
2412,56.69831775700935,66.67,100.0,97.14285714285714,100.0,100.0,35,33
2444,60.69006896551725,66.67,100.0,99.72454545454545,100.0,100.0,121,120
2387,50.63291139240506,50.0,100.0,96.875,100.0,100,128,123
2441,86.30630630630631,100.0,100.0,100.0,100.0,100,88,88
2396,46.060545454545455,0.0,0.0,100.0,100.0,100,45,45
2440,78.72340425531915,100.0,100.0,100.0,100.0,100,134,134
2152,72.45190082644628,100.0,100.0,100.0,100.0,100,71,71
2490,75.86776859504133,100.0,100.0,100.0,100.0,100,88,88
2070,53.279016393442625,66.67,100.0,100.0,100.0,100,46,46
2111,80.63081081081081,100.0,100.0,100.0,100.0,100,46,46
2099,88.59649122807018,100.0,100.0,100.0,100.0,100,46,46
2110,80.09940298507462,100.0,100.0,100.0,100.0,100,46,46
2153,76.95537037037037,100.0,100.0,100.0,100.0,100,91,91
2098,60.78436974789916,66.67,100.0,100.0,100.0,100,46,46
2097,70.37037037037037,100.0,100.0,100.0,100.0,100,45,45
2096,93.75,100.0,100.0,100.0,100.0,100,47,47
2095,83.92857142857143,100.0,100.0,100.0,100.0,100,46,46
2094,80.8641975308642,100.0,100.0,99.44444444444444,100.0,100,45,44
2093,85.34482758620689,100.0,100.0,100.0,100.0,100,47,47
2108,81.11116666666666,100.0,100.0,100.0,100.0,100,46,46
2106,78.26115942028986,100.0,100.0,100.0,100.0,100,46,46
2127,80.36575342465754,100.0,100.0,100.0,100.0,100,48,48
2105,75.0,100.0,100.0,97.77777777777777,100.0,100,45,44
2069,97.16981132075472,100.0,100.0,100.0,100.0,100,47,47
2068,67.6470588235294,100.0,100.0,100.0,100.0,100,47,47
2109,90.39542372881355,100.0,100.0,100.0,100.0,100,46,46
2067,82.6923076923077,100.0,100.0,100.0,100.0,100,46,46
2584,93.6842105263158,100.0,100.0,100.0,100.0,100,110,110
2100,95.06166666666667,100.0,100.0,100.0,100.0,100,47,47
2122,97.916875,100.0,100.0,100.0,100.0,100,45,45
2121,61.93181818181818,100.0,100.0,100.0,100.0,100,45,45
2065,71.5909090909091,100.0,100.0,100.0,100.0,100,47,47
2120,83.85453125000001,100.0,100.0,99.25933333333333,100.0,100.0,45,44
2064,74.12790697674419,100.0,100.0,100.0,100.0,100,47,47
2063,82.64876712328767,100.0,100.0,100.0,100.0,100,47,47
2117,91.0,100.0,100.0,100.0,100.0,100,44,44
2116,82.14285714285714,100.0,100.0,100.0,100.0,100,44,44
2114,95.06203703703704,100.0,100.0,100.0,100.0,100,45,45
2113,55.747126436781606,75.0,100.0,95.0,100.0,100,40,38
2134,91.66666666666667,100.0,100.0,100.0,100.0,100,47,47
2080,61.76470588235294,100.0,100.0,95.1219512195122,100.0,100,41,39
2088,53.17307692307692,50.0,100.0,93.92857142857143,100.0,100,28,26
2087,47.34810185185185,45.45,0.0,89.30470588235295,100.0,100.0,34,28
2086,56.92910112359551,66.67,100.0,100.0,100.0,100,36,36
2085,43.319240506329116,22.22,0.0,94.44444444444444,100.0,100,36,34
2084,31.492537313432837,10.0,0.0,94.32432432432432,100.0,100,37,34
2196,43.80281690140845,40.0,0.0,87.42857142857143,100.0,100,35,30
2178,53.32446808510638,50.0,100.0,93.58974358974359,100.0,100,78,72
2592,61.94444444444444,75.0,100.0,96.95121951219512,100.0,100,41,39
2193,56.94333333333333,33.33,100.0,91.2695238095238,100.0,100.0,42,37
2397,58.50903614457831,70.0,80.0,91.66666666666667,100.0,100,90,75
2174,51.87192118226601,60.0,100.0,81.17647058823529,100.0,100,68,50
2115,39.03153846153847,25.0,0.0,86.02161290322582,100.0,100.0,62,51
2390,47.73399014778325,40.0,100.0,97.94117647058823,100.0,100,34,33
2126,75.75727272727272,100.0,100.0,100.0,100.0,100,43,43
2119,83.05067796610169,100.0,100.0,100.0,100.0,100,44,44
2253,41.935268817204296,33.33,0.0,95.8334375,100.0,100.0,32,30
2296,66.37323943661971,75.0,100.0,98.84615384615384,100.0,100,65,64
2295,62.44897959183673,80.0,100.0,96.84210526315789,100.0,100,38,34
2273,58.68263473053892,60.0,100.0,95.0,100.0,100,52,47
2151,70.2127659574468,100.0,100.0,100.0,100.0,100,56,56
2291,69.64285714285714,100.0,100.0,100.0,100.0,100,30,30
2304,37.95918367346939,0.0,0.0,95.77922077922078,100.0,100,77,73
2149,64.78,66.67,100.0,92.15705882352941,100.0,100.0,51,43
2301,73.20235294117647,100.0,100.0,95.23785714285714,100.0,100.0,28,25
2289,60.0,80.0,100.0,95.55555555555556,100.0,100,27,25
2168,58.7037037037037,62.5,100.0,89.54545454545455,100.0,100.0,55,48
2300,51.111111111111114,60.0,0.0,98.70967741935483,100.0,100,31,30
2266,50.193488372093015,41.665,100.0,90.22965517241379,100.0,100.0,29,25
2288,59.452238805970154,83.33,100.0,93.82703703703703,100.0,100.0,27,24
2167,84.41558441558442,100.0,100.0,100.0,100.0,100,58,58
2308,56.3585549132948,66.67,100.0,94.95618421052632,100.0,100.0,76,71
2406,57.89473684210526,66.67,100.0,87.22250000000001,100.0,100.0,60,51
2286,66.18181818181819,100.0,100.0,100.0,100.0,100,30,30
2383,60.645161290322584,60.0,100.0,89.65517241379311,100.0,100,29,24
2415,64.18181818181819,100.0,100.0,95.33333333333333,100.0,100,60,57
2315,74.03508771929825,100.0,100.0,97.89473684210526,100.0,100,38,37
2237,64.33823529411765,100.0,100.0,99.32432432432432,100.0,100,37,36
2236,55.42966292134831,33.33,100.0,94.11735294117646,100.0,100.0,34,31
2312,77.27272727272727,87.5,100.0,96.71052631578948,100.0,100.0,38,35
2378,54.86910994764398,60.0,100.0,96.96969696969697,100.0,100,66,63
2311,53.958333333333336,75.0,75.0,92.6470588235294,100.0,100,34,27
2299,66.45161290322581,100.0,100.0,92.5,100.0,100,32,29
2439,68.54838709677419,100.0,100.0,96.3768115942029,100.0,100,69,65
2091,44.2,30.0,0.0,90.38461538461539,100.0,100,26,22
2090,60.483870967741936,75.0,100.0,97.11538461538461,100.0,100,26,24
2089,62.41379310344828,80.0,100.0,97.03703703703704,100.0,100,27,26
2139,79.48717948717949,100.0,100.0,100.0,100.0,100,25,25
2104,53.668584905660374,55.56,100.0,94.07400000000001,100.0,100.0,30,27
2103,39.6875,25.0,0.0,85.57692307692308,100.0,100,26,21
2124,46.57534246575342,50.0,0.0,95.83333333333333,100.0,100,24,23
2309,58.971774193548384,75.0,100.0,98.35526315789474,100.0,100.0,38,37
2791,61.55555555555556,100.0,100.0,100.0,100.0,100,50,50
2790,72.9113924050633,100.0,100.0,99.0,100.0,100,50,49
2789,73.73493975903614,100.0,100.0,96.73469387755102,100.0,100,49,47
2800,92.5925925925926,100.0,100.0,100.0,100.0,100,50,50
2822,68.44036697247707,90.0,100.0,98.54166666666667,100.0,100,48,46
2821,88.28571428571429,100.0,100.0,100.0,100.0,100,51,51
2820,95.07692307692308,100.0,100.0,98.62745098039215,100.0,100,51,50
2809,85.75757575757575,100.0,100.0,100.0,100.0,100,49,49
2808,80.0,100.0,100.0,100.0,100.0,100,49,49
2829,74.16666666666667,100.0,100.0,100.0,100.0,100,50,50
2807,89.0,100.0,100.0,100.0,100.0,100,49,49
2806,60.54347826086956,100.0,100.0,99.6,100.0,100,50,49
2828,82.09677419354838,100.0,100.0,100.0,100.0,100,49,49
2827,70.1219512195122,100.0,100.0,100.0,100.0,100,51,51
2805,67.6470588235294,80.0,100.0,98.62745098039215,100.0,100,51,50
2826,62.42424242424242,100.0,100.0,99.79591836734694,100.0,100,49,48
2825,78.96103896103897,100.0,100.0,100.0,100.0,100,51,51
2847,94.82142857142857,100.0,100.0,100.0,100.0,100,50,50
2803,81.97183098591549,100.0,100.0,98.43137254901961,100.0,100,51,49
2846,80.82352941176471,100.0,100.0,100.0,100.0,100,50,50
2802,73.88235294117646,100.0,100.0,100.0,100.0,100,50,50
2812,74.06593406593407,100.0,100.0,99.2156862745098,100.0,100,51,50
2811,71.06382978723404,100.0,100.0,97.88461538461539,100.0,100,52,50
2833,88.21917808219177,100.0,100.0,99.6,100.0,100,50,49
2799,61.626506024096386,70.0,100.0,97.75510204081633,100.0,100,49,44
2810,57.592592592592595,70.0,100.0,98.47826086956522,100.0,100,46,44
2798,73.29032258064517,80.0,100.0,97.27272727272727,100.0,100,44,39
2795,74.74226804123711,90.0,90.0,98.6,100.0,100,50,47
2794,88.9090909090909,100.0,100.0,99.57446808510639,100.0,100,47,46
2818,73.125,100.0,100.0,99.80392156862744,100.0,100,51,50
2839,88.8135593220339,100.0,100.0,100.0,100.0,100,50,50
2817,72.3913043478261,100.0,100.0,98.36734693877551,100.0,100,49,47
2816,84.58333333333333,100.0,100.0,99.79591836734694,100.0,100,49,48
2814,48.19548872180451,30.0,100.0,100.0,100.0,100,49,49
2813,80.12121212121212,90.0,100.0,97.55102040816327,100.0,100,49,44
2793,76.86335526315789,83.33,83.33,99.61232558139535,100.0,100.0,43,42
2792,66.3768115942029,100.0,100.0,100.0,100.0,100,44,44
2801,91.32075471698113,100.0,100.0,97.95454545454545,100.0,100,44,41
2788,69.58762886597938,80.0,100.0,99.53488372093024,100.0,100,43,42
2787,71.32352941176471,100.0,100.0,100.0,100.0,100,41,41
2786,66.37362637362638,70.0,100.0,100.0,100.0,100,42,42
2797,91.83098591549296,100.0,100.0,100.0,100.0,100,44,44
2785,74.56647398843931,80.0,100.0,98.88888888888889,100.0,100,45,43
2796,77.70270270270271,100.0,100.0,97.72727272727273,100.0,100,44,43
2784,76.125,100.0,100.0,97.61904761904762,100.0,100,42,40
2783,82.19047619047619,90.0,100.0,95.95744680851064,100.0,100,47,44
2819,72.42290748898678,90.0,100.0,98.44444444444444,100.0,100,90,85
2815,80.96618357487922,90.0,100.0,100.0,100.0,100,86,86
2870,90.0,100.0,100.0,98.0952380952381,100.0,100,42,41
2867,79.24528301886792,100.0,100.0,98.57142857142857,100.0,100,42,41
2845,57.48031496062992,60.0,100.0,92.38095238095238,100.0,100,42,35
2823,47.07692307692308,40.0,100.0,95.26315789473684,100.0,100,38,36
2844,55.84507042253521,65.0,100.0,94.04761904761905,100.0,100,42,37
2866,59.89010989010989,80.0,100.0,97.85714285714286,100.0,100,42,41
2865,65.51282051282051,100.0,100.0,98.0952380952381,100.0,100,42,41
2843,68.28947368421052,100.0,100.0,97.85714285714286,100.0,100,42,40
2864,51.407407407407405,40.0,100.0,89.25,100.0,100,40,32
2842,61.64383561643836,100.0,100.0,98.37837837837837,100.0,100,37,36
2863,78.42857142857143,100.0,100.0,98.33333333333333,100.0,100,42,41
2840,74.28571428571429,100.0,100.0,98.57142857142857,100.0,100,42,41
2861,80.3225806451613,100.0,100.0,98.0952380952381,100.0,100,42,40
2849,82.66666666666667,100.0,100.0,99.52380952380952,100.0,100,42,41
2848,67.9245283018868,80.0,100.0,97.61904761904762,100.0,100,42,38
2868,74.53125,100.0,100.0,97.85714285714286,100.0,100,42,41
2824,71.73913043478261,100.0,100.0,98.53658536585365,100.0,100,41,40
2834,69.03225806451613,100.0,100.0,98.53658536585365,100.0,100,41,39
2877,76.89655172413794,100.0,100.0,96.66666666666667,100.0,100,42,40
2855,70.41883116883118,100.0,100.0,99.20642857142857,100.0,100.0,42,41
2854,70.81967213114754,80.0,100.0,98.33333333333333,100.0,100,42,41
2832,65.97402597402598,100.0,100.0,97.38095238095238,100.0,100,42,40
2875,69.0,100.0,100.0,98.57142857142857,100.0,100,42,41
2831,77.74193548387096,100.0,100.0,98.57142857142857,100.0,100,42,41
2853,82.26415094339623,100.0,100.0,98.57142857142857,100.0,100,42,41
2830,78.88888888888889,100.0,100.0,98.78048780487805,100.0,100,41,40
2852,62.875,95.0,100.0,98.25,100.0,100,40,39
2873,49.064748201438846,80.0,0.0,98.0952380952381,100.0,100,42,40
2851,84.44444444444444,100.0,100.0,98.57142857142857,100.0,100,42,41
2872,63.513513513513516,100.0,100.0,98.57142857142857,100.0,100,42,41
2850,57.06896551724138,60.0,100.0,96.66666666666667,100.0,100,42,40
2838,70.4054054054054,100.0,100.0,96.9047619047619,100.0,100,42,40
2859,64.74820143884892,70.0,100.0,97.38095238095238,100.0,100,42,37
2837,60.22222222222222,80.0,100.0,98.0952380952381,100.0,100,42,41
2836,73.03030303030303,90.0,100.0,96.19047619047619,100.0,100,42,37
2858,78.88888888888889,100.0,100.0,98.0952380952381,100.0,100,42,41
2835,64.0,70.0,100.0,93.80952380952381,100.0,100,42,37
2857,30.666666666666668,10.0,0.0,89.25,100.0,100,40,33
2891,98.54545454545455,100.0,100.0,100.0,100.0,100,54,54
2890,80.46612903225805,100.0,100.0,89.59808510638297,100.0,100.0,47,41
2889,93.66666666666667,100.0,100.0,100.0,100.0,100,54,54
2922,78.60759493670886,100.0,100.0,93.20754716981132,100.0,100,53,44
2888,84.81481481481481,100.0,100.0,90.2127659574468,100.0,100,47,40
2921,79.74358974358974,100.0,100.0,94.46808510638297,100.0,100,47,38
2887,86.0,100.0,100.0,93.0909090909091,100.0,100,55,48
2920,78.42105263157895,100.0,100.0,100.0,100.0,100,45,45
2886,96.36363636363636,100.0,100.0,100.0,100.0,100,53,53
2885,68.95348837209302,100.0,100.0,100.0,100.0,100,47,47
2841,93.20754716981132,100.0,100.0,100.0,100.0,100,44,44
2884,90.7936507936508,100.0,100.0,100.0,100.0,100,56,56
2862,96.9090909090909,100.0,100.0,100.0,100.0,100,49,49
2883,81.3157894736842,100.0,100.0,100.0,100.0,100,53,53
2882,72.18978102189782,90.0,100.0,96.66666666666667,100.0,100,57,45
2860,88.79310344827586,100.0,100.0,100.0,100.0,100,44,44
2929,93.79310344827586,100.0,100.0,99.79166666666667,100.0,100,48,47
2928,75.92233009708738,90.0,100.0,99.16666666666667,100.0,100,48,47
2927,90.98039215686275,100.0,100.0,97.82608695652173,100.0,100,46,45
2926,94.13,100.0,100.0,100.0,100.0,100,47,47
2925,79.70588235294117,100.0,100.0,97.87234042553192,100.0,100,47,45
2869,64.59770114942529,100.0,100.0,100.0,100.0,100,53,53
2924,85.86206896551724,100.0,100.0,100.0,100.0,100,46,46
2923,89.18367346938776,100.0,100.0,99.06976744186046,100.0,100,43,42
2881,91.19402985074628,100.0,100.0,100.0,100.0,100,56,56
2880,61.45454545454545,60.0,100.0,93.0909090909091,100.0,100,55,48
2878,86.53333333333333,100.0,100.0,98.39285714285714,100.0,100,56,53
2856,90.13333333333334,100.0,100.0,100.0,100.0,100,47,47
2911,91.78571428571429,100.0,100.0,98.26086956521739,100.0,100,46,45
2910,85.14285714285714,100.0,100.0,95.41666666666667,100.0,100,48,39
2876,83.96825396825396,100.0,100.0,97.6,100.0,100,50,48
2930,88.45587301587302,100.0,100.0,98.65314814814816,100.0,100.0,54,53
2874,76.41025641025641,100.0,100.0,98.95833333333333,100.0,100,48,47
2871,90.1470588235294,100.0,100.0,98.70370370370371,100.0,100,54,53
2918,73.7864077669903,70.0,100.0,98.42105263157895,100.0,100,38,36
2917,85.0,100.0,100.0,98.54166666666667,100.0,100,48,46
2916,84.32432432432432,100.0,100.0,97.87234042553192,100.0,100,47,46
2915,75.76923076923077,100.0,100.0,97.55102040816327,100.0,100,49,47
2914,78.53448275862068,90.0,100.0,93.125,100.0,100,48,37
2913,88.05555555555556,100.0,100.0,98.88888888888889,100.0,100,54,52
2879,80.47619047619048,100.0,100.0,99.57446808510639,100.0,100,47,46
2909,87.87878787878788,100.0,100.0,100.0,100.0,100,42,42
2900,65.53846153846153,100.0,100.0,98.04878048780488,100.0,100,41,40
2955,55.96505263157895,66.67,100.0,97.05882352941177,100.0,100,34,33
2898,71.64164179104478,100.0,100.0,100.0,100.0,100,41,41
2985,81.9672131147541,100.0,100.0,100.0,100.0,100,42,42
2952,79.140625,100.0,100.0,98.92857142857143,100.0,100,42,40
2896,55.41984732824427,60.0,0.0,97.43589743589743,100.0,100,39,35
2740,85.0,100.0,100.0,100.0,100.0,100,97,97
2906,72.41379310344827,100.0,100.0,100.0,100.0,100,40,40
2904,77.01492537313433,100.0,100.0,98.04878048780488,100.0,100,41,40
2947,87.05357142857143,100.0,100.0,98.25581395348837,100.0,100,43,42
2958,73.11475409836065,100.0,100.0,96.36363636363636,100.0,100,33,31
2934,47.28260869565217,25.0,0.0,100.0,100.0,100,37,37
2747,68.30246913580247,100.0,100.0,95.94594594594595,100.0,100,74,71
2671,87.5,100.0,100.0,100.0,100.0,100,40,40
2197,83.92857142857143,100.0,100.0,100.0,100.0,100,41,41
2195,76.22950819672131,100.0,100.0,100.0,100.0,100,41,41
2194,52.083333333333336,100.0,100.0,100.0,100.0,100,42,42
2192,68.25396825396825,100.0,100.0,100.0,100.0,100,42,42
2207,75.86224137931035,100.0,100.0,98.41285714285715,100.0,100.0,42,40
2669,74.58333333333333,100.0,100.0,100.0,100.0,100,41,41
2206,76.11083333333333,100.0,100.0,100.0,100.0,100,41,41
2668,94.88636363636364,100.0,100.0,100.0,100.0,100,41,41
2205,70.43016129032259,100.0,100.0,98.3335,100.0,100.0,40,38
2667,78.26086956521739,100.0,100.0,100.0,100.0,100,41,41
2204,59.21052631578947,100.0,100.0,100.0,100.0,100,42,42
2665,93.02325581395348,100.0,100.0,100.0,100.0,100,40,40
2202,60.526315789473685,100.0,100.0,100.0,100.0,100,40,40
2543,76.38888888888889,100.0,100.0,100.0,100.0,100,37,37
2201,96.44444444444444,100.0,100.0,100.0,100.0,100,42,42
2662,97.61904761904762,100.0,100.0,100.0,100.0,100,41,41
2189,73.75,100.0,100.0,100.0,100.0,100,41,41
2562,41.95652173913044,0.0,0.0,100.0,100.0,100,42,42
2661,88.82978723404256,100.0,100.0,100.0,100.0,100,41,41
2187,75.66142857142857,100.0,100.0,100.0,100.0,100,43,43
2658,82.58928571428571,100.0,100.0,100.0,100.0,100,40,40
2656,82.03389830508475,100.0,100.0,100.0,100.0,100,42,42
2655,84.31372549019608,100.0,100.0,100.0,100.0,100,42,42
2653,91.11111111111111,100.0,100.0,98.75,100.0,100,40,39
2651,97.1590909090909,100.0,100.0,100.0,100.0,100,41,41
2673,94.88636363636364,100.0,100.0,98.75,100.0,100,40,39
2659,95.34883720930233,100.0,100.0,100.0,100.0,100,41,41
2430,81.01694915254237,100.0,100.0,100.0,100.0,100,42,42
2692,66.21608108108107,100.0,100.0,97.77777777777777,100.0,100.0,90,87
2372,66.29213483146067,100.0,100.0,98.83720930232558,100.0,100,43,42
2293,96.25,100.0,100.0,100.0,100.0,100,42,42
2427,80.76923076923077,100.0,100.0,100.0,100.0,100,41,41
2602,88.92857142857143,100.0,100.0,100.0,100.0,100,47,47
2468,53.48837209302326,100.0,100.0,97.87234042553192,100.0,100,47,46
2523,72.72727272727273,100.0,100.0,98.27586206896552,100.0,100,87,85
2489,75.38461538461539,100.0,100.0,99.45054945054945,100.0,100,91,90
2522,68.90322580645162,100.0,100.0,100.0,100.0,100,90,90
2500,58.08383233532934,100.0,100.0,97.75280898876404,100.0,100,89,87
2564,71.23287671232876,100.0,100.0,100.0,100.0,100,47,47
2729,76.90140845070422,100.0,100.0,99.34065934065934,100.0,100,91,90
2528,81.40101449275363,100.0,100.0,99.77630872483222,100.0,100.0,149,148
2429,88.75,100.0,100.0,99.02439024390245,100.0,100,41,40
2428,65.15151515151516,100.0,100.0,100.0,100.0,100,42,42
2285,87.23404255319149,100.0,100.0,100.0,100.0,100,41,41
2284,82.71604938271605,100.0,100.0,100.0,100.0,100,41,41
2282,83.57142857142857,100.0,100.0,100.0,100.0,100,41,41
2436,78.57142857142857,100.0,100.0,100.0,100.0,100,47,47
2533,63.65482233502538,100.0,100.0,99.24528301886792,100.0,100,106,105
2433,64.82558139534883,100.0,100.0,97.84946236559139,100.0,100,93,91
2739,82.03312056737589,100.0,100.0,99.67951923076923,100.0,100.0,104,103
2738,75.93984962406014,100.0,100.0,98.94736842105263,100.0,100,95,94
2737,80.0,100.0,100.0,98.51351351351352,100.0,100,148,145
2539,83.47826086956522,100.0,100.0,98.82352941176471,100.0,100,102,96
2148,62.72727272727273,70.0,100.0,94.19354838709677,100.0,100,31,28
2125,74.41883720930232,100.0,100.0,96.15384615384616,100.0,100,26,25
2147,63.23987804878049,78.57,100.0,95.85258064516128,100.0,100.0,31,29
2146,78.94736842105263,100.0,100.0,98.57142857142857,100.0,100,35,34
2220,58.035714285714285,62.5,100.0,93.51851851851852,100.0,100,27,25
2150,44.473684210526315,30.0,100.0,97.03703703703704,100.0,100,27,25
2133,93.19734693877551,100.0,100.0,100.0,100.0,100,44,44
2155,80.76923076923077,100.0,100.0,97.61904761904762,100.0,100,42,41
2154,97.95938775510204,100.0,100.0,100.0,100.0,100,44,44
2132,78.18181818181819,100.0,100.0,100.0,100.0,100,41,41
2230,93.61702127659575,100.0,100.0,100.0,100.0,100,42,42
2131,81.0,100.0,100.0,100.0,100.0,100,40,40
2130,77.11267605633803,100.0,100.0,100.0,100.0,100,44,44
2107,95.23816326530613,100.0,100.0,100.0,100.0,100,44,44
2129,87.71929824561404,100.0,100.0,100.0,100.0,100,43,43
2128,85.84905660377359,100.0,100.0,100.0,100.0,100,44,44
2227,57.638645833333335,66.67,100.0,91.66666666666667,100.0,100.0,36,31
2226,84.61538461538461,100.0,100.0,97.67441860465117,100.0,100,43,42
2102,95.74468085106383,100.0,100.0,100.0,100.0,100,42,42
2223,67.0584705882353,100.0,100.0,98.41261904761905,100.0,100.0,42,41
2245,95.5,100.0,100.0,100.0,100.0,100,44,44
2101,91.82377358490565,100.0,100.0,99.20642857142857,100.0,100.0,42,41
2123,93.86792452830188,100.0,100.0,100.0,100.0,100,44,44
2240,75.75757575757575,75.0,100.0,99.4047619047619,100.0,100,42,41
2161,95.83333333333333,100.0,100.0,100.0,100.0,100,44,44
2160,84.54545454545455,100.0,100.0,100.0,100.0,100,43,43
2218,74.479375,100.0,100.0,97.67441860465117,100.0,100,43,42
2118,93.51851851851852,100.0,100.0,100.0,100.0,100,44,44
2215,77.35849056603773,100.0,100.0,95.23809523809524,100.0,100,42,40
2138,86.53846153846153,100.0,100.0,100.0,100.0,100,43,43
2137,93.39622641509433,100.0,100.0,100.0,100.0,100,44,44
2159,89.0625,100.0,100.0,100.0,100.0,100,41,41
2158,76.92307692307692,100.0,100.0,100.0,100.0,100,42,42
2136,93.3334,100.0,100.0,100.0,100.0,100,43,43
2157,79.66101694915254,100.0,100.0,98.80952380952381,100.0,100,42,41
2135,87.42150943396227,100.0,100.0,100.0,100.0,100,43,43
2112,86.27450980392157,100.0,100.0,100.0,100.0,100,44,44
2156,95.65217391304348,100.0,100.0,100.0,100.0,100,41,41
2219,79.03225806451613,100.0,100.0,97.67441860465117,100.0,100,43,42
2298,99.41176470588235,100.0,100.0,100.0,100.0,100,33,33
2375,56.785714285714285,80.0,80.0,96.11111111111111,100.0,100,36,33
2294,67.65432098765432,80.0,100.0,100.0,100.0,100,34,34
2492,75.14285714285714,90.0,100.0,99.42857142857143,100.0,100,35,34
2391,95.625,100.0,100.0,100.0,100.0,100,38,38
2292,88.29787234042553,100.0,100.0,100.0,100.0,100,34,34
2306,37.03707070707071,0.0,0.0,92.10526315789474,100.0,100,38,35
2405,66.04651162790698,80.0,100.0,96.36363636363636,100.0,100,33,31
2404,69.762,83.33,100.0,95.4954054054054,100.0,100.0,37,32
2446,72.63157894736842,100.0,100.0,96.84210526315789,100.0,100,38,36
2302,89.26829268292683,100.0,100.0,100.0,100.0,100,34,34
2460,78.75,100.0,100.0,100.0,100.0,100,33,33
2459,50.56603773584906,40.0,100.0,94.5945945945946,100.0,100,37,35
2458,78.21428571428571,100.0,100.0,97.71428571428571,100.0,100,35,33
2435,93.61702127659575,100.0,100.0,100.0,100.0,100,40,40
2457,63.05939393939393,66.67,100.0,98.03911764705882,100.0,100.0,34,33
2710,76.0,100.0,100.0,97.83132530120481,100.0,100,83,81
2434,81.11111111111111,100.0,100.0,99.45945945945945,100.0,100,37,36
2455,50.38251366120219,60.0,0.0,96.90140845070422,100.0,100,71,68
2432,75.88235294117646,100.0,100.0,99.5,100.0,100,40,39
2431,61.08695652173913,70.0,100.0,98.18181818181819,100.0,100,33,32
2448,78.35616438356165,100.0,100.0,98.63636363636364,100.0,100,44,43
2443,82.1875,100.0,100.0,99.54545454545455,100.0,100,44,43
2495,70.71428571428571,100.0,100.0,100.0,100.0,100,40,40
2491,89.42307692307692,100.0,100.0,97.67441860465117,100.0,100,43,42
2538,68.7431693989071,100.0,100.0,98.44660194174757,100.0,100,103,101
2515,82.52709677419355,100.0,100.0,100.0,100.0,100,44,44
2536,63.991769547325106,100.0,100.0,94.921875,100.0,100,128,118
2525,76.1519512195122,100.0,100.0,99.57269230769231,100.0,100.0,78,77
2601,88.47457627118644,100.0,100.0,100.0,100.0,100,46,46
2634,67.01986754966887,100.0,100.0,97.77777777777777,100.0,100,90,87
2513,76.4885496183206,100.0,100.0,99.31818181818181,100.0,100,88,87
2579,68.83116883116882,100.0,100.0,98.80952380952381,100.0,100,42,41
2578,70.57617283950617,100.0,100.0,97.82608695652173,100.0,100.0,46,44
2541,73.44827586206897,100.0,100.0,95.87628865979381,100.0,100,97,92
2517,87.54716981132076,100.0,100.0,99.0909090909091,100.0,100,44,43
2604,68.68175824175825,100.0,100.0,100.0,100.0,100,46,46
2516,81.75438596491227,100.0,100.0,98.18181818181819,100.0,100,44,43
2603,53.64341085271318,80.0,100.0,98.75,100.0,100,48,45
2368,28.066037735849058,0.0,0.0,93.90243902439025,100.0,100,41,37
2365,69.0625,100.0,100.0,100.0,100.0,100,44,44
2385,65.9090909090909,100.0,100.0,100.0,100.0,100,43,43
2290,49.473684210526315,0.0,0.0,97.72727272727273,100.0,100,44,43
2210,48.87956730769231,66.67,66.67,100.0,100.0,100,37,37
2231,58.958333333333336,75.0,100.0,100.0,100.0,100,43,43
2472,63.37078651685393,100.0,100.0,100.0,100.0,100,43,43
2593,28.958333333333332,0.0,0.0,97.43589743589743,100.0,100,39,38
2546,70.0,100.0,100.0,100.0,100.0,100,44,44
2689,83.48214285714286,100.0,100.0,100.0,100.0,100,38,38
2688,60.810540540540536,100.0,100.0,100.0,100.0,100,41,41
2687,58.223684210526315,100.0,100.0,100.0,100.0,100,40,40
2686,43.84,20.0,0.0,100.0,100.0,100,38,38
2685,69.61538461538461,100.0,100.0,100.0,100.0,100,41,41
2684,57.37179487179487,100.0,100.0,94.87179487179488,100.0,100,39,37
2208,36.26114864864864,0.0,0.0,97.43589743589743,100.0,100,39,38
2287,63.30434782608695,60.0,60.0,99.0,100.0,100,40,39
2683,43.793103448275865,10.0,0.0,97.94871794871794,100.0,100,39,38
2682,51.15384615384615,75.0,0.0,99.39024390243902,100.0,100,41,40
2681,79.82456140350877,100.0,100.0,100.0,100.0,100,42,42
2680,73.79032258064517,100.0,100.0,100.0,100.0,100,39,39
2481,83.63636363636364,100.0,100.0,100.0,100.0,100,44,44
2480,57.333333333333336,100.0,100.0,100.0,100.0,100,43,43
2281,60.96577464788732,100.0,100.0,100.0,100.0,100,43,43
2679,70.07042253521126,100.0,100.0,100.0,100.0,100,41,41
2479,29.852941176470587,0.0,0.0,97.1590909090909,100.0,100,44,42
2677,82.6923076923077,100.0,100.0,100.0,100.0,100,41,41
2478,69.84615384615384,100.0,100.0,98.22222222222223,100.0,100,45,44
2676,54.73488636363636,100.0,100.0,100.0,100.0,100,42,42
2675,89.58333333333333,100.0,100.0,100.0,100.0,100,43,43
2477,58.333333333333336,75.0,100.0,100.0,100.0,100,41,41
2944,55.86206896551724,100.0,100.0,100.0,100.0,100,46,46
2964,47.32142857142857,50.0,0.0,97.36842105263158,100.0,100,38,37
2941,52.03255474452554,85.71,0.0,97.82608695652173,100.0,100,46,45
2951,46.51162790697674,20.0,0.0,97.77777777777777,100.0,100,45,44
2940,51.27272727272727,40.0,100.0,97.36842105263158,100.0,100,38,37
2962,47.31707317073171,40.0,0.0,96.0,100.0,100,40,38
2950,47.81065088757396,60.0,0.0,98.6046511627907,100.0,100,43,41
2960,33.04195804195804,0.0,0.0,100.0,100.0,100,41,41
2939,43.61290322580645,20.0,0.0,100.0,100.0,100,44,44
2938,62.5,100.0,100.0,100.0,100.0,100,47,47
2949,31.5477380952381,0.0,0.0,96.45382978723404,100.0,100.0,47,45
2937,92.0,100.0,100.0,98.72340425531915,100.0,100,47,46
2959,59.93350993377483,66.67,100.0,97.7275,100.0,100.0,44,41
2935,57.073170731707314,100.0,100.0,100.0,100.0,100,46,46
2912,78.84057971014492,100.0,100.0,97.91666666666667,100.0,100,48,47
2251,63.63636363636363,100.0,100.0,100.0,100.0,100,43,43
2328,63.275862068965516,80.0,100.0,100.0,100.0,100,43,43
2229,83.92875000000001,100.0,100.0,100.0,100.0,100,43,43
2327,59.94444444444444,80.0,100.0,97.72727272727273,100.0,100,44,43
2228,78.83619047619048,100.0,100.0,100.0,100.0,100,41,41
2249,71.52777777777777,100.0,100.0,100.0,100.0,100,40,40
2325,59.710144927536234,80.0,100.0,98.69565217391305,100.0,100,46,44
2248,70.88607594936708,100.0,100.0,100.0,100.0,100,41,41
2247,75.47945205479452,100.0,100.0,100.0,100.0,100,40,40
2225,66.20375,100.0,100.0,100.0,100.0,100,40,40
2323,70.37037037037037,100.0,100.0,99.54545454545455,100.0,100,44,43
2224,56.481203703703706,66.67,100.0,100.0,100.0,100,43,43
2246,78.57142857142857,100.0,100.0,100.0,100.0,100,41,41
2244,69.5945945945946,100.0,100.0,100.0,100.0,100,41,41
2222,64.95412844036697,80.0,100.0,97.61904761904762,100.0,100,42,41
2243,78.78757575757575,100.0,100.0,98.37390243902439,100.0,100.0,41,40
2320,55.79831932773109,60.0,100.0,100.0,100.0,100,40,40
2166,37.07692307692308,10.0,0.0,95.55555555555556,100.0,100,36,34
2242,84.65619047619047,100.0,100.0,100.0,100.0,100,44,44
2241,88.15789473684211,100.0,100.0,100.0,100.0,100,41,41
2163,53.40909090909091,75.0,100.0,100.0,100.0,100,43,43
2162,53.96851851851852,66.67,100.0,100.0,100.0,100,84,84
2317,78.85714285714286,100.0,100.0,100.0,100.0,100,41,41
2217,83.95055555555555,100.0,100.0,100.0,100.0,100,41,41
2216,66.04938271604938,100.0,100.0,98.73417721518987,100.0,100,79,78
2238,74.47921875,100.0,100.0,100.0,100.0,100,42,42
2335,75.53072625698324,100.0,100.0,99.5959595959596,100.0,100,99,98
2214,72.13970149253733,100.0,100.0,100.0,100.0,100,43,43
2334,65.06024096385542,100.0,100.0,99.44444444444444,100.0,100,45,44
2333,50.49586776859504,80.0,0.0,100.0,100.0,100,44,44
2376,65.5379746835443,80.0,100.0,98.57142857142857,100.0,100,42,39
2277,66.28571428571429,80.0,100.0,100.0,100.0,100,39,39
2319,59.00990099009901,80.0,100.0,100.0,100.0,100,43,43
2221,57.61296296296296,66.67,100.0,100.0,100.0,100,38,38
2254,56.470588235294116,60.0,100.0,96.08108108108108,100.0,100,74,69
2265,40.72164948453608,50.0,0.0,96.42857142857143,100.0,100,28,26
2232,46.029137931034484,40.905,0.0,99.02607142857143,100.0,100.0,28,27
2165,60.869565217391305,100.0,100.0,100.0,100.0,100,37,37
2264,34.87309644670051,10.0,0.0,98.06451612903226,100.0,100,31,29
2175,41.37931034482759,0.0,0.0,96.66666666666667,100.0,100,30,29
2337,43.31797235023041,30.0,0.0,93.61111111111111,100.0,100,36,33
2303,45.35398230088496,37.5,0.0,100.0,100.0,100,35,35
2213,59.25925925925926,100.0,100.0,100.0,100.0,100,31,31
2234,24.48658767772512,0.0,0.0,100.0,100.0,100,29,29
2233,51.68578651685394,50.0,50.0,98.09542857142857,100.0,100.0,35,33
2702,38.541666666666664,0.0,0.0,100.0,100.0,100,41,41
2635,61.95652173913044,100.0,100.0,98.86363636363636,100.0,100,44,43
2645,77.4191935483871,100.0,100.0,97.61904761904762,100.0,100,42,41
2644,57.09524752475248,66.67,100.0,100.0,100.0,100,41,41
2643,73.01587301587301,100.0,100.0,99.52380952380952,100.0,100,42,41
2566,41.527833333333334,16.67,0.0,100.0,100.0,100,39,39
2576,54.90196078431372,50.0,100.0,100.0,100.0,100,42,42
2642,58.372093023255815,80.0,100.0,96.5,100.0,100,40,37
2565,51.30434782608695,60.0,0.0,99.02439024390245,100.0,100,41,40
2641,70.3921568627451,80.0,100.0,99.06976744186046,100.0,100,43,41
2630,42.45283018867924,50.0,0.0,96.5909090909091,100.0,100,44,41
2575,77.04901639344261,100.0,100.0,100.0,100.0,100,40,40
2773,48.401826484018265,50.0,0.0,98.93617021276596,100.0,100,94,93
2563,39.141363636363636,0.0,0.0,100.0,100.0,100,41,41
2606,74.23580786026201,100.0,100.0,97.9020979020979,100.0,100,143,137
2639,64.81283422459893,100.0,100.0,100.0,100.0,100,83,83
2637,52.67326732673267,80.0,100.0,97.77777777777777,100.0,100,45,44
2526,58.789808917197455,80.0,100.0,94.8,100.0,100,100,92
2504,41.37931034482759,0.0,0.0,100.0,100.0,100,44,44
2488,57.755102040816325,60.0,100.0,98.63636363636364,100.0,100,44,43
2520,56.321494252873556,66.67,100.0,96.96954545454545,100.0,100.0,44,42
2399,40.19230769230769,25.0,0.0,94.51219512195122,100.0,100,41,38
2496,64.0,80.0,100.0,98.13953488372093,100.0,100,43,41
2551,93.75,100.0,100.0,100.0,100.0,100,41,41
2297,65.28735632183908,100.0,100.0,96.44444444444444,100.0,100,45,43
2550,80.33333333333333,100.0,100.0,99.51219512195122,100.0,100,41,40
2572,55.031847133757964,60.0,100.0,98.04878048780488,100.0,100,41,39
2351,41.05263157894737,20.0,0.0,96.7741935483871,100.0,100,31,28
2493,83.84615384615384,100.0,100.0,100.0,100.0,100,42,42
2503,33.50993377483444,20.0,0.0,97.89473684210526,100.0,100,38,37
2349,76.28865979381443,100.0,100.0,100.0,100.0,100,68,68
2447,61.3248717948718,100.0,100.0,100.0,100.0,100,42,42
2502,57.073170731707314,60.0,100.0,95.45454545454545,100.0,100,44,40
2369,56.49484536082474,100.0,100.0,100.0,100.0,100,43,43
2501,82.45631578947369,100.0,100.0,100.0,100.0,100,42,42
2508,53.40659340659341,60.0,100.0,96.41025641025641,100.0,100,39,36
2437,46.07142857142857,20.0,0.0,96.92307692307692,100.0,100,39,37
2314,39.74346153846154,0.0,0.0,100.0,100.0,100,35,35
2512,79.28571428571429,100.0,100.0,100.0,100.0,100,41,41
2556,71.66666666666667,100.0,100.0,97.07317073170732,100.0,100,41,38
2313,50.78947368421053,60.0,0.0,92.3076923076923,100.0,100,39,30
2511,49.6,40.0,100.0,97.94871794871794,100.0,100,39,37
2555,65.97014925373135,100.0,100.0,100.0,100.0,100,42,42
2499,58.275862068965516,60.0,60.0,97.0,100.0,100,40,37
2554,56.81818181818182,80.0,100.0,99.0,100.0,100,40,38
2553,57.878787878787875,60.0,100.0,97.14285714285714,100.0,100,35,34
2597,64.79672897196262,83.33,100.0,98.37390243902439,100.0,100.0,41,39
2552,58.67186991869918,66.67,100.0,99.16675000000001,100.0,100.0,40,39
2310,42.52873563218391,40.0,0.0,98.70967741935483,100.0,100,31,29
2318,48.80995238095238,50.0,0.0,96.0785294117647,100.0,100.0,34,31
2666,72.1875,100.0,100.0,96.22641509433963,100.0,100,53,51
2663,91.93548387096774,100.0,100.0,100.0,100.0,100,55,55
2672,90.0,100.0,100.0,98.11320754716981,100.0,100,53,52
2473,61.86666666666667,100.0,100.0,96.0,100.0,100,40,38
2691,58.108108108108105,75.0,100.0,96.62162162162163,100.0,100,37,35
2471,59.183673469387756,60.0,100.0,97.5609756097561,100.0,100,41,39
2690,48.04964539007092,50.0,50.0,94.5945945945946,100.0,100,37,31
2590,48.34710743801653,50.0,0.0,98.78048780487805,100.0,100,41,39
2724,93.47826086956522,100.0,100.0,100.0,100.0,100,41,41
2723,75.78125,100.0,100.0,100.0,100.0,100,41,41
2646,74.56140350877193,100.0,100.0,98.78048780487805,100.0,100,41,40
2722,63.225806451612904,60.0,100.0,99.02439024390245,100.0,100,41,40
2721,61.05263157894737,100.0,100.0,98.04878048780488,100.0,100,41,40
2487,55.09708737864078,75.0,100.0,98.78048780487805,100.0,100,41,40
2761,78.01724137931035,100.0,100.0,96.95121951219512,100.0,100,41,39
2486,55.69620253164557,80.0,100.0,93.84615384615384,100.0,100,39,36
2728,58.717948717948715,100.0,100.0,100.0,100.0,100,38,38
2727,52.06185567010309,50.0,100.0,96.62162162162163,100.0,100,37,34
2649,57.05882352941177,75.0,100.0,98.78048780487805,100.0,100,41,40
2725,59.550561797752806,60.0,100.0,94.73684210526316,100.0,100,38,34
2760,72.95081967213115,100.0,100.0,100.0,100.0,100,41,41
2485,62.0253164556962,100.0,100.0,98.75,100.0,100,40,39
2484,56.89655172413793,75.0,100.0,97.5609756097561,100.0,100,41,38
2560,70.41095890410959,100.0,100.0,97.0,100.0,100,40,36
2483,74.19354838709677,100.0,100.0,98.53658536585365,100.0,100,41,40
2559,74.19354838709677,100.0,100.0,100.0,100.0,100,41,41
2557,51.8421052631579,50.0,100.0,100.0,100.0,100,41,41
2755,43.686868686868685,25.0,0.0,98.75,100.0,100,40,39
2732,61.82432432432432,100.0,100.0,100.0,100.0,100,40,40
2336,39.077669902912625,0.0,0.0,97.36842105263158,100.0,100,38,37
2731,74.48275862068965,100.0,100.0,100.0,100.0,100,39,39
2730,69.56521739130434,100.0,100.0,98.04878048780488,100.0,100,41,40
2759,71.7741935483871,100.0,100.0,98.17073170731707,100.0,100,41,39
2954,53.42741935483871,50.0,100.0,92.36111111111111,100.0,100,36,31
2975,75.40983606557377,100.0,100.0,100.0,100.0,100,42,42
2942,44.099378881987576,40.0,0.0,99.51219512195122,100.0,100,41,40
2963,44.81132075471698,25.0,0.0,92.36111111111111,100.0,100,36,32
2974,62.0,83.33,100.0,98.14805555555556,100.0,100.0,36,35
2984,68.92561983471074,80.0,100.0,100.0,100.0,100,42,42
2961,60.811081081081085,100.0,100.0,99.12289473684211,100.0,100.0,38,37
2972,41.083743842364534,40.0,0.0,91.66666666666667,100.0,100,36,31
2970,45.69247191011235,33.33,0.0,94.7915625,100.0,100.0,32,29
2981,58.40909090909091,60.0,100.0,97.71428571428571,100.0,100,35,34
2969,49.148165137614676,42.86,100.0,93.27735294117647,100.0,100.0,34,31
2979,81.42857142857143,100.0,100.0,100.0,100.0,100,42,42
2946,55.625,100.0,100.0,100.0,100.0,100,41,41
2957,68.65766233766233,83.33,100.0,95.13513513513513,100.0,100,37,34
2968,53.506493506493506,60.0,100.0,95.42857142857143,100.0,100,35,33
2978,56.91056910569106,60.0,40.0,98.57142857142857,100.0,100,42,41
2945,55.494505494505496,75.0,100.0,100.0,100.0,100,41,41
2956,57.778000000000006,66.67,100.0,98.14805555555556,100.0,100.0,36,35
2305,50.56037383177569,44.44,100.0,85.30419354838709,100.0,100.0,31,24
2316,39.59183673469388,20.0,0.0,89.0,100.0,100,30,26
2348,54.95663265306123,57.14,100.0,89.52400000000002,100.0,100.0,30,25
2347,51.261969696969686,44.44,100.0,86.458125,100.0,100.0,32,24
2235,58.333255813953485,66.67,100.0,94.44484848484849,100.0,100.0,33,29
2343,91.66666666666667,100.0,100.0,100.0,100.0,100,32,32
2354,63.5178494623656,71.43,100.0,95.17112676056338,100.0,100.0,71,65
2331,58.62385321100918,60.0,100.0,88.18181818181819,100.0,100,33,28
2352,59.09142857142858,66.67,100.0,93.7503125,100.0,100.0,32,29
2704,76.69491525423729,100.0,100.0,94.70588235294117,100.0,100,85,80
2374,55.57324840764331,100.0,100.0,96.42857142857143,100.0,100,84,81
2470,44.63414634146341,0.0,0.0,97.29729729729729,100.0,100,37,36
2393,76.04166666666667,100.0,100.0,98.6842105263158,100.0,100,38,37
2469,65.97402597402598,80.0,100.0,98.94736842105263,100.0,100,38,37
2384,63.888888888888886,100.0,100.0,98.02631578947368,100.0,100,38,37
2521,55.804943820224715,66.67,100.0,100.0,100.0,100,42,42
2532,68.67469879518072,100.0,100.0,98.71794871794872,100.0,100,39,38
2497,70.76923076923077,100.0,100.0,100.0,100.0,100,40,40
2519,72.65822784810126,100.0,100.0,100.0,100.0,100,42,42
2529,70.20202020202021,100.0,100.0,98.43137254901961,100.0,100,102,99
2650,67.98936507936507,100.0,100.0,92.5925,100.0,100.0,36,33
2353,57.281456310679616,66.67,100.0,97.14285714285714,100.0,100.0,35,33
2524,36.50349650349651,20.0,0.0,93.33333333333333,100.0,100,36,33
2600,64.41176470588235,80.0,100.0,94.85714285714286,100.0,100,35,32
2400,45.326728971962616,33.33,0.0,92.22166666666665,100.0,100.0,30,24
2509,74.42622950819673,100.0,100.0,98.94736842105263,100.0,100,38,37
2605,64.84210526315789,80.0,100.0,98.33333333333333,100.0,100,36,35
2549,70.88235294117646,100.0,100.0,98.37837837837837,100.0,100,37,36
2648,52.65486725663717,75.0,0.0,97.91666666666667,100.0,100,36,34
2540,55.416666666666664,60.0,100.0,91.875,100.0,100,32,27
2660,71.82481751824818,100.0,100.0,98.0952380952381,100.0,100,84,82
2382,54.6,70.0,100.0,95.8974358974359,100.0,100,39,36
2416,66.88311688311688,75.0,100.0,98.64864864864865,100.0,100,37,36
2636,66.91358024691358,80.0,100.0,95.42857142857143,100.0,100,35,32
2657,50.78947368421053,50.0,100.0,92.94117647058823,100.0,100,34,30
2633,52.4,40.0,100.0,97.83783783783784,100.0,100,37,36
2699,42.50570469798658,33.33,0.0,94.60764705882353,100.0,100.0,34,31
2599,58.771710526315786,66.67,100.0,97.14285714285714,100.0,100,35,33
2632,58.86363636363637,60.0,100.0,98.28571428571429,100.0,100,35,34
2654,75.92592592592592,100.0,100.0,98.33333333333333,100.0,100,36,35
2598,73.5452380952381,100.0,100.0,98.61111111111111,100.0,100,36,35
2631,48.0672268907563,40.0,0.0,98.37837837837837,100.0,100,37,35
2697,65.57377049180327,100.0,100.0,98.61111111111111,100.0,100,36,35
2696,57.55555555555556,60.0,100.0,97.14285714285714,100.0,100,35,33
2355,50.2,50.0,100.0,94.6969696969697,100.0,100,33,30
2695,61.298701298701296,60.0,100.0,92.57142857142857,100.0,100,35,31
2398,49.61224806201551,50.0,100.0,97.05882352941177,100.0,100,34,32
2638,60.588235294117645,100.0,100.0,96.21621621621621,100.0,100,37,35
2092,25.85287401574803,0.0,0.0,78.04214285714286,100.0,100.0,42,30
2276,64.25925925925925,75.0,100.0,97.43589743589743,100.0,100,39,37
2275,54.87792682926829,66.67,100.0,94.5945945945946,100.0,100.0,37,34
2330,37.33766233766234,12.5,0.0,96.71052631578948,100.0,100,38,34
2250,66.86746987951807,100.0,100.0,98.80952380952381,100.0,100,42,41
2370,68.35820895522389,100.0,100.0,99.51219512195122,100.0,100,41,40
2403,71.51515151515152,100.0,100.0,100.0,100.0,100,42,42
2326,69.06666666666666,100.0,100.0,99.45945945945945,100.0,100,37,36
2402,90.9090909090909,100.0,100.0,100.0,100.0,100,40,40
2401,75.86206896551724,100.0,100.0,100.0,100.0,100,39,39
2324,70.8641975308642,100.0,100.0,100.0,100.0,100,40,40
2367,80.83333333333333,100.0,100.0,100.0,100.0,100,41,41
2421,70.25118279569894,100.0,100.0,100.0,100.0,100,43,43
2322,62.278481012658226,80.0,100.0,98.97435897435898,100.0,100,39,38
2420,73.99060606060607,100.0,100.0,100.0,100.0,100,43,43
2321,53.27731092436975,40.0,100.0,100.0,100.0,100,37,37
2409,67.95454545454545,100.0,100.0,100.0,100.0,100,43,43
2408,67.36842105263158,80.0,100.0,99.52380952380952,100.0,100,42,41
2407,69.58904109589041,100.0,100.0,97.67441860465117,100.0,100,43,42
2329,63.098591549295776,100.0,100.0,98.33333333333333,100.0,100,36,35
2364,79.66101694915254,100.0,100.0,100.0,100.0,100,39,39
2363,75.59322033898304,100.0,100.0,100.0,100.0,100,43,43
2362,73.05945205479452,100.0,100.0,99.18707317073171,100.0,100.0,41,40
2360,77.74193548387096,100.0,100.0,100.0,100.0,100,37,37
2381,55.24666666666666,100.0,100.0,100.0,100.0,100,40,40
2239,68.81720430107526,75.0,100.0,100.0,100.0,100,39,39
2379,73.42857142857143,100.0,100.0,100.0,100.0,100,40,40
2411,66.66666666666667,100.0,100.0,99.4186046511628,100.0,100,43,42
2377,53.191382978723404,66.67,100.0,99.22488372093024,100.0,100.0,43,42
2332,76.98412698412699,100.0,100.0,100.0,100.0,100,36,36
2419,81.11111111111111,100.0,100.0,100.0,100.0,100,43,43
2518,70.0,100.0,100.0,98.13953488372093,100.0,100,43,42
2694,81.05263157894737,100.0,100.0,99.45945945945945,100.0,100,37,36
2570,70.8250704225352,100.0,100.0,98.01583333333332,100.0,100.0,36,35
2745,78.22834645669292,100.0,100.0,96.95121951219512,100.0,100,82,75
2711,89.52380952380952,100.0,100.0,100.0,100.0,100,88,88
2567,64.30555555555556,100.0,100.0,100.0,100.0,100,38,38
2720,80.41666666666667,100.0,100.0,100.0,100.0,100,37,37
2707,80.79710144927536,100.0,100.0,100.0,100.0,100,96,96
2706,56.578947368421055,100.0,100.0,100.0,100.0,100,36,36
2717,73.94736842105263,100.0,100.0,99.53488372093024,100.0,100,86,85
2716,50.4054054054054,60.0,0.0,86.91358024691358,100.0,100,81,65
2705,68.58108108108108,100.0,100.0,97.75280898876404,100.0,100,89,85
2726,80.73394495412845,100.0,100.0,96.42857142857143,100.0,100,84,81
2715,59.99957894736841,66.67,100.0,98.41261904761905,100.0,100.0,42,41
2703,56.25,50.0,100.0,98.78048780487805,100.0,100,41,40
2573,65.76923076923077,100.0,100.0,95.38461538461539,100.0,100,52,49
2771,87.71186440677967,100.0,100.0,100.0,100.0,100,50,50
2594,91.09189655172413,100.0,100.0,99.67942307692307,100.0,100.0,52,51
2770,57.94871794871795,100.0,100.0,90.9090909090909,100.0,100,44,40
2670,84.02777777777777,100.0,100.0,98.11320754716981,100.0,100,53,52
2591,70.88607594936708,100.0,100.0,98.69565217391305,100.0,100,46,44
2768,72.53731343283582,100.0,100.0,93.46938775510205,100.0,100,49,45
2767,66.25,100.0,100.0,90.63829787234043,100.0,100,47,41
2766,73.828125,100.0,100.0,94.0,100.0,100,50,47
2545,74.65277777777777,100.0,100.0,96.5,100.0,100,50,47
2765,86.16071428571429,100.0,100.0,97.39583333333333,100.0,100,48,46
2544,63.848469387755095,100.0,100.0,94.8572,100.0,100.0,50,46
2764,78.01724137931035,100.0,100.0,91.48936170212765,100.0,100,47,41
2763,84.12698412698413,100.0,100.0,99.43181818181819,100.0,100,44,43
2762,89.01960784313725,100.0,100.0,94.66666666666667,100.0,100,45,42
2609,80.35714285714286,100.0,100.0,95.09803921568627,100.0,100,51,47
2905,91.1864406779661,100.0,100.0,100.0,100.0,100,53,53
2780,85.71438596491228,100.0,100.0,98.21416666666669,100.0,100.0,48,45
2779,87.3015873015873,100.0,100.0,98.95833333333333,100.0,100,48,46
2778,78.17460317460318,100.0,100.0,98.40425531914893,100.0,100,47,46
2678,90.98360655737704,100.0,100.0,100.0,100.0,100,49,49
2777,68.10810810810811,100.0,100.0,96.86274509803921,100.0,100,51,49
2775,78.61111111111111,100.0,100.0,100.0,100.0,100,51,51
2774,80.96774193548387,100.0,100.0,100.0,100.0,100,49,49
2476,72.13546875,100.0,100.0,96.09936170212767,100.0,100.0,47,45
2674,82.53968253968254,100.0,100.0,99.47916666666667,100.0,100,48,47
2574,80.76923076923077,100.0,100.0,98.07692307692308,100.0,100,52,50
2772,87.11864406779661,100.0,100.0,100.0,100.0,100,50,50
2475,87.63636363636364,100.0,100.0,97.5,100.0,100,48,46
2991,52.63157894736842,100.0,100.0,96.61016949152543,100.0,100,59,57
2980,68.22222222222223,100.0,100.0,99.2156862745098,100.0,100,51,50
2990,98.41269841269842,100.0,100.0,100.0,100.0,100,60,60
2988,88.85714285714286,100.0,100.0,100.0,100.0,100,60,60
2977,72.78481012658227,100.0,100.0,99.52830188679245,100.0,100,53,52
2966,82.0754716981132,100.0,100.0,98.75,100.0,100,40,39
2987,92.0,100.0,100.0,100.0,100.0,100,62,62
2976,67.6470588235294,75.0,100.0,99.48979591836735,100.0,100,49,48
2965,75.3623188405797,100.0,100.0,98.6666,100.0,100.0,50,49
2986,80.28571428571429,100.0,100.0,95.6,100.0,100,50,46
2973,85.48387096774194,100.0,100.0,95.51288461538462,100.0,100.0,52,49
2983,76.13636363636364,100.0,100.0,97.87234042553192,100.0,100,47,45
2971,63.144329896907216,80.0,100.0,95.91836734693878,100.0,100,49,46
2948,59.583333333333336,100.0,100.0,96.0,100.0,100,55,52
2989,91.47058823529412,100.0,100.0,100.0,100.0,100,58,58
2967,91.28787878787878,100.0,100.0,98.03921568627452,100.0,100,51,48
2693,77.94132352941176,100.0,100.0,98.86363636363636,100.0,100,44,43
2744,89.81132075471699,100.0,100.0,93.91304347826087,100.0,100,46,42
2743,80.32786885245902,100.0,100.0,96.19047619047619,100.0,100,42,40
2742,72.5,100.0,100.0,94.4186046511628,100.0,100,43,40
2708,63.05047169811321,66.67,100.0,97.34863636363637,100.0,100.0,44,42
2749,53.13717647058824,83.33,100.0,88.49190476190476,100.0,100.0,42,36
2902,91.9298245614035,100.0,100.0,98.8,100.0,100,50,49
2782,59.285714285714285,100.0,100.0,97.77777777777777,100.0,100,45,43
2781,65.71428571428571,80.0,100.0,95.81395348837209,100.0,100,43,40
2713,63.52988235294118,83.33,100.0,93.70355555555555,100.0,100.0,45,40
2735,82.46153846153847,100.0,100.0,95.74468085106383,100.0,100,47,44
2757,82.46727272727273,100.0,100.0,98.86363636363636,100.0,100,44,43
2712,78.30508474576271,100.0,100.0,95.81395348837209,100.0,100,43,41
2734,79.01240740740741,100.0,100.0,92.06357142857144,100.0,100.0,42,37
2733,61.86666666666667,60.0,100.0,94.21052631578948,100.0,100,38,34
2776,64.15584415584415,100.0,100.0,92.5,100.0,100,48,43
2698,68.125,100.0,100.0,98.93617021276596,100.0,100,47,46
2510,68.88888888888889,100.0,100.0,93.0,100.0,100,40,36
2652,48.392857142857146,30.0,100.0,91.91489361702128,100.0,100,47,43
2719,84.91228070175438,100.0,100.0,96.44444444444444,100.0,100,45,43
2758,80.55527777777777,100.0,100.0,96.80829787234042,100.0,100.0,47,44
2714,49.72477064220183,60.0,0.0,90.66666666666667,100.0,100,45,39
2736,81.93548387096774,100.0,100.0,96.59574468085107,100.0,100,47,45
2595,89.85507246376811,100.0,100.0,100.0,100.0,100,58,58
2452,82.66666666666667,100.0,100.0,98.18181818181819,100.0,100,55,53
2625,73.50877192982456,80.0,100.0,99.61538461538461,100.0,100,52,51
2624,72.15189873417721,100.0,100.0,98.51851851851852,100.0,100,54,53
2623,87.22222222222223,100.0,100.0,99.27272727272727,100.0,100,55,54
2622,67.02127659574468,83.33,100.0,98.24561403508773,100.0,100,57,56
2621,77.85714285714286,100.0,100.0,97.58620689655173,100.0,100,58,56
2620,85.71428571428571,100.0,100.0,98.30508474576271,100.0,100,59,58
2587,82.97297297297297,100.0,100.0,99.64285714285714,100.0,100,56,55
2586,88.2051282051282,100.0,100.0,100.0,100.0,100,56,56
2585,85.5,100.0,100.0,100.0,100.0,100,54,54
2608,55.42857142857143,60.0,100.0,95.0,100.0,100,52,48
2628,83.87983606557377,100.0,100.0,100.0,100.0,100,48,48
2627,55.76345794392523,66.67,100.0,98.61104166666667,100.0,100.0,48,47
2901,85.18518518518519,100.0,100.0,100.0,100.0,100,57,57
2626,84.44444444444444,100.0,100.0,98.54545454545455,100.0,100,55,54
2583,80.74074074074075,100.0,100.0,97.45454545454545,100.0,100,55,50
2582,92.06349206349206,100.0,100.0,100.0,100.0,100,56,56
2361,85.83333333333333,100.0,100.0,98.18181818181819,100.0,100,55,52
2581,90.65651515151515,100.0,100.0,99.07407407407408,100.0,100.0,54,52
2580,77.27272727272727,100.0,100.0,97.4074074074074,100.0,100,54,50
2899,90.28571428571429,100.0,100.0,100.0,100.0,100,58,58
2613,67.816091954023,100.0,100.0,98.5576923076923,100.0,100,52,51
2414,81.3157894736842,100.0,100.0,100.0,100.0,100,54,54
2612,86.74698795180723,100.0,100.0,99.48979591836735,100.0,100,49,48
2413,74.48275862068965,100.0,100.0,100.0,100.0,100,53,53
2895,93.07692307692308,100.0,100.0,100.0,100.0,100,56,56
2410,69.54954954954955,100.0,100.0,99.63636363636364,100.0,100,55,54
2619,82.58716417910448,100.0,100.0,100.0,100.0,100,51,51
2418,82.59740259740259,100.0,100.0,99.27272727272727,100.0,100,55,54
2616,87.5,100.0,100.0,97.16981132075472,100.0,100,53,50
2417,92.94117647058823,100.0,100.0,100.0,100.0,100,56,56
2756,88.96551724137932,100.0,100.0,98.33333333333333,100.0,100,48,47
2754,77.94117647058823,100.0,100.0,99.5,100.0,100,50,49
2750,79.6875,100.0,100.0,100.0,100.0,100,51,51
2571,89.0307142857143,100.0,100.0,100.0,100.0,100,46,46
2746,85.0,100.0,100.0,92.0,100.0,100,50,42
2897,87.17953846153846,100.0,100.0,100.0,100.0,100,53,53
2577,79.75308641975309,100.0,100.0,97.91666666666667,100.0,100,48,45
2753,81.34328358208955,100.0,100.0,100.0,100.0,100,50,50
2752,83.60672131147541,100.0,100.0,99.29085106382979,100.0,100.0,47,46
2751,67.91208791208791,100.0,100.0,96.73469387755102,100.0,100,49,47
2640,86.06060606060606,100.0,100.0,100.0,100.0,100,51,51
2709,85.71428571428571,100.0,100.0,100.0,100.0,100,46,46
2748,65.4142857142857,66.67,66.67,96.66680000000001,100.0,100.0,50,47
2769,83.33333333333333,100.0,100.0,95.74468085106383,100.0,100,47,44
2422,69.01408450704226,100.0,100.0,97.72727272727273,100.0,100,44,43
2903,83.33385714285716,100.0,100.0,93.75041666666668,100.0,100.0,48,40
2893,80.68181818181819,100.0,100.0,100.0,100.0,100,51,51
2953,53.51981366459628,50.0,50.0,88.99377358490567,100.0,100.0,53,42
2588,58.57142857142857,50.0,100.0,96.07843137254902,100.0,100,51,48
2350,55.714285714285715,50.0,100.0,87.14285714285714,100.0,100,35,30
