case_id,mean_data,median_data,mode_data,try_number,pass_number,average_upload_times,test_cases_number
2061,85.24590163934427,100.0,100.0,46,45,1.326086956521739,1
2063,86.55935483870968,100.0,100.0,46,46,1.3478260869565217,3
2064,78.78787878787878,100.0,100.0,43,43,1.5348837209302326,4
2065,76.20967741935483,100.0,100.0,37,37,1.6756756756756757,4
2067,88.67924528301887,100.0,100.0,41,41,1.2926829268292683,4
2068,66.66666666666667,100.0,100.0,41,41,1.829268292682927,2
2069,96.80851063829788,100.0,100.0,42,42,1.119047619047619,2
2070,53.763548387096776,66.67,100.0,43,43,2.1627906976744184,3
2080,59.523809523809526,100.0,100.0,25,24,1.68,1
2081,68.38235294117646,100.0,100.0,42,42,1.619047619047619,4
2084,32.857142857142854,10.0,0.0,23,21,3.0434782608695654,10
2085,34.207191011235956,11.11,0.0,19,17,4.684210526315789,9
2086,56.910731707317076,66.67,100.0,21,21,1.9523809523809523,3
2087,41.89678260869565,45.45,0.0,15,11,7.666666666666667,11
2088,40.714285714285715,30.0,0.0,8,7,5.25,10
2089,37.0,20.0,0.0,7,7,2.857142857142857,5
2090,57.638888888888886,75.0,100.0,15,15,2.4,4
2091,33.18181818181818,20.0,0.0,12,9,5.5,10
2092,16.296060606060607,0.0,0.0,32,23,5.15625,9
2093,87.75510204081633,100.0,100.0,41,41,1.1951219512195121,2
2094,83.984375,100.0,100.0,38,37,1.6842105263157894,4
2095,91.48936170212765,100.0,100.0,42,42,1.119047619047619,2
2096,93.26923076923077,100.0,100.0,44,44,1.1818181818181819,2
2097,68.18181818181819,100.0,100.0,36,36,1.8333333333333333,4
2098,63.366336633663366,66.67,100.0,41,41,2.4634146341463414,3
2099,88.72549019607843,100.0,100.0,43,43,1.186046511627907,4
2100,94.32617021276596,100.0,100.0,41,41,1.146341463414634,3
2101,91.9998,100.0,100.0,40,39,1.25,3
2102,95.74468085106383,100.0,100.0,42,42,1.119047619047619,2
2103,35.08771929824562,25.0,0.0,18,15,3.1666666666666665,4
2104,41.29313432835821,33.33,0.0,17,15,3.9411764705882355,9
2105,83.6734693877551,100.0,100.0,41,40,1.1951219512195121,1
2106,78.01468085106383,100.0,100.0,30,30,1.5666666666666667,3
2107,95.23816326530613,100.0,100.0,44,44,1.1136363636363635,3
2108,87.58176470588235,100.0,100.0,42,42,1.2142857142857142,3
2109,92.36104166666667,100.0,100.0,40,40,1.2,3
2110,82.18396551724138,100.0,100.0,42,42,1.380952380952381,3
2111,81.667,100.0,100.0,43,43,1.3953488372093024,3
2112,87.75510204081633,100.0,100.0,43,43,1.1395348837209303,2
2113,57.83582089552239,75.0,100.0,30,29,2.2333333333333334,4
2114,94.32659574468084,100.0,100.0,38,38,1.236842105263158,3
2115,40.42375690607735,33.33,0.0,49,40,3.693877551020408,6
2116,83.6734693877551,100.0,100.0,40,40,1.225,1
2117,93.58974358974359,100.0,100.0,36,36,1.0833333333333333,2
2118,93.26923076923077,100.0,100.0,44,44,1.1818181818181819,4
2119,88.65234042553192,100.0,100.0,39,39,1.205128205128205,3
2120,81.88434782608695,100.0,100.0,33,32,1.393939393939394,3
2121,61.8421052631579,100.0,100.0,39,39,1.9487179487179487,4
2122,97.50025,100.0,100.0,37,37,1.0810810810810811,3
2123,93.86792452830188,100.0,100.0,44,44,1.2045454545454546,4
2124,56.73076923076923,62.5,100.0,20,19,2.6,4
2125,86.905,100.0,100.0,21,21,1.3333333333333333,3
2126,78.43098039215687,100.0,100.0,38,38,1.3421052631578947,3
2127,83.08507462686568,100.0,100.0,45,45,1.488888888888889,3
2128,89.0,100.0,100.0,43,43,1.1627906976744187,2
2129,87.5,100.0,100.0,42,42,1.3333333333333333,4
2130,78.07692307692308,100.0,100.0,40,40,1.625,4
2131,81.52173913043478,100.0,100.0,37,37,1.2432432432432432,4
2132,78.84615384615384,100.0,100.0,40,40,1.3,2
2133,95.03553191489361,100.0,100.0,43,43,1.0930232558139534,3
2134,91.96428571428571,100.0,100.0,41,41,1.3658536585365855,2
2135,88.88901960784314,100.0,100.0,42,42,1.2142857142857142,3
2136,92.90787234042553,100.0,100.0,40,40,1.175,3
2137,93.0,100.0,100.0,42,42,1.1904761904761905,4
2138,95.23809523809524,100.0,100.0,39,39,1.0769230769230769,2
2139,78.26086956521739,100.0,100.0,15,15,1.5333333333333334,1
2140,55.88652482269504,60.0,60.0,36,34,3.9166666666666665,5
2141,68.18181818181819,100.0,100.0,43,43,1.5348837209302326,2
2142,36.93657657657658,0.0,0.0,39,37,2.8461538461538463,3
2145,82.0,100.0,100.0,38,38,1.3157894736842106,1
2146,81.70731707317073,100.0,100.0,27,26,1.5185185185185186,2
2147,66.83607142857143,71.43,100.0,20,19,2.8,7
2148,37.11538461538461,40.0,0.0,10,7,5.2,10
2149,69.28853932584269,66.67,100.0,48,40,1.8541666666666667,3
2150,44.32432432432432,40.0,0.0,10,9,3.7,10
2151,79.24528301886792,100.0,100.0,36,36,1.4722222222222223,1
2152,71.96271028037383,100.0,100.0,62,62,1.7258064516129032,3
2153,82.98924137931034,100.0,100.0,88,88,1.6477272727272727,3
2154,97.916875,100.0,100.0,43,43,1.1162790697674418,3
2155,80.85106382978724,100.0,100.0,37,37,1.2702702702702702,1
2156,95.0,100.0,100.0,36,36,1.1111111111111112,1
2157,80.0,100.0,100.0,39,38,1.4102564102564104,4
2158,77.19298245614036,100.0,100.0,36,36,1.5833333333333333,4
2159,88.33333333333333,100.0,100.0,38,38,1.1842105263157894,4
2160,83.9622641509434,100.0,100.0,41,41,1.2926829268292683,2
2161,95.45454545454545,100.0,100.0,40,40,1.1,2
2162,54.82473684210526,83.33500000000001,100.0,76,76,2.0,3
2163,51.80722891566265,50.0,100.0,40,40,2.075,2
2164,80.20833333333333,100.0,100.0,36,36,1.3333333333333333,2
2165,58.18181818181818,100.0,100.0,30,30,1.8333333333333333,1
2166,38.31578947368421,0.0,0.0,32,31,2.96875,5
2167,85.71428571428571,100.0,100.0,41,41,1.1951219512195121,1
2168,54.6474358974359,62.5,100.0,33,28,2.3636363636363638,8
2169,62.719298245614034,100.0,100.0,36,36,1.5833333333333333,4
2171,69.49152542372882,100.0,100.0,41,41,1.4390243902439024,3
2172,58.44444444444444,60.0,100.0,35,32,2.5714285714285716,5
2173,86.27450980392157,100.0,100.0,43,43,1.186046511627907,5
2174,49.05797101449275,50.0,100.0,43,32,3.2093023255813953,10
2175,43.28358208955224,0.0,0.0,26,25,2.576923076923077,1
2176,51.88953488372093,50.0,100.0,118,114,2.9152542372881354,2
2177,48.833333333333336,50.0,100.0|0.0,28,26,4.285714285714286,10
2178,56.09375,62.5,100.0,69,64,2.318840579710145,4
2179,91.83673469387755,100.0,100.0,38,38,1.2894736842105263,1
2180,29.537037037037038,20.0,20.0,53,40,4.0754716981132075,5
2181,78.62903225806451,100.0,100.0,45,45,1.3777777777777778,4
2182,75.0,100.0,100.0,40,40,1.3,5
2183,85.18518518518519,100.0,100.0,44,44,1.2272727272727273,4
2184,88.39285714285714,100.0,100.0,45,45,1.2444444444444445,4
2185,63.1578947368421,100.0,100.0,43,41,1.7674418604651163,4
2186,79.58333333333333,100.0,100.0,44,44,1.3636363636363635,4
2187,77.40118644067796,100.0,100.0,41,41,1.4390243902439024,3
2188,54.09836065573771,100.0,100.0,32,31,1.90625,2
2189,78.77358490566037,100.0,100.0,39,39,1.358974358974359,4
2190,56.96260273972603,83.33,83.33,32,27,4.5625,6
2192,68.33333333333333,100.0,100.0,40,40,1.5,4
2193,63.439516129032256,66.66499999999999,100.0,34,29,1.8235294117647058,3
2194,53.28947368421053,100.0,100.0,40,40,1.9,4
2195,77.27272727272727,100.0,100.0,37,37,1.4864864864864864,2
2196,29.666666666666668,10.0,0.0,13,10,4.615384615384615,10
2197,83.63636363636364,100.0,100.0,40,40,1.375,4
2198,25.07936507936508,0.0,0.0,21,13,3.0,5
2199,45.2212389380531,40.0,0.0,20,18,5.65,10
2200,56.15384615384615,60.0,100.0,30,27,3.466666666666667,10
2201,96.27906976744185,100.0,100.0,40,40,1.075,5
2202,58.9041095890411,100.0,100.0,39,39,1.8717948717948718,4
2203,58.55837837837838,100.0,100.0,36,35,2.0555555555555554,3
2204,60.810810810810814,100.0,100.0,42,42,1.7619047619047619,4
2205,70.43016129032259,100.0,100.0,40,38,1.55,2
2206,78.7353448275862,100.0,100.0,41,41,1.4146341463414633,3
2207,76.02350877192983,100.0,100.0,41,40,1.3902439024390243,3
2208,44.05791304347826,33.33,0.0,37,36,3.108108108108108,3
2209,39.6875,30.0,0.0,39,33,3.282051282051282,5
2210,45.16225806451613,66.67,0.0,34,34,4.5588235294117645,3
2211,75.25925925925925,100.0,100.0,74,72,1.8243243243243243,5
2212,92.0,100.0,100.0,43,43,1.1627906976744187,2
2213,54.54545454545455,100.0,100.0,25,25,1.76,1
2214,74.01169491525424,100.0,100.0,39,39,1.5128205128205128,3
2215,76.47058823529412,100.0,100.0,39,38,1.3076923076923077,3
2216,63.61788617886179,75.0,100.0,59,58,2.0847457627118646,4
2217,91.45307692307692,100.0,100.0,34,34,1.1470588235294117,3
2218,77.40135593220339,100.0,100.0,41,40,1.4390243902439024,3
2219,81.35593220338983,100.0,100.0,42,41,1.4047619047619047,4
2220,48.10606060606061,37.5,100.0,12,10,2.75,8
2221,50.53741935483871,41.665,100.0,25,25,2.48,6
2222,62.295081967213115,80.0,100.0,27,26,2.259259259259259,5
2223,69.90708333333333,100.0,100.0,41,40,1.7560975609756098,4
2224,58.518,66.67,100.0,39,39,2.3076923076923075,3
2225,62.64362068965517,100.0,100.0,32,32,1.8125,3
2226,84.31372549019608,100.0,100.0,42,41,1.2142857142857142,3
2227,59.64881578947369,66.67,100.0,31,26,2.4516129032258065,3
2228,78.7236170212766,100.0,100.0,32,32,1.46875,3
2229,84.6668,100.0,100.0,39,39,1.2820512820512822,3
2230,93.33333333333333,100.0,100.0,40,40,1.125,2
2231,58.108108108108105,75.0,100.0,38,38,2.9210526315789473,4
2232,44.605866666666664,36.36,0.0,15,15,5.0,11
2233,43.30763779527559,50.0,50.0,19,17,6.684210526315789,6
2234,18.53065789473684,0.0,0.0,14,14,10.857142857142858,6
2235,53.735689655172415,66.67,100.0,20,19,2.9,3
2236,53.845,33.33,33.33,29,27,2.689655172413793,3
2237,66.07142857142857,100.0,100.0,34,33,1.6470588235294117,4
2238,83.33326086956522,100.0,100.0,37,37,1.2432432432432432,3
2239,67.6056338028169,75.0,100.0,26,26,2.730769230769231,4
2240,84.54545454545455,100.0,100.0,37,37,1.4864864864864864,4
2241,88.54166666666667,100.0,100.0,35,35,1.3714285714285714,4
2242,83.66019607843137,100.0,100.0,38,38,1.3421052631578947,3
2243,85.27093023255814,100.0,100.0,31,31,1.3870967741935485,3
2244,69.73684210526316,100.0,100.0,32,32,1.78125,4
2245,95.2127659574468,100.0,100.0,42,42,1.119047619047619,4
2246,78.36065573770492,100.0,100.0,36,36,1.6944444444444444,5
2247,72.85714285714286,100.0,100.0,30,30,1.8666666666666667,2
2248,70.07575757575758,100.0,100.0,37,37,1.7837837837837838,4
2249,75.89285714285714,100.0,100.0,33,33,1.696969696969697,4
2250,68.54838709677419,100.0,100.0,35,34,1.7714285714285714,2
2251,63.855421686746986,100.0,100.0,41,41,2.024390243902439,1
2252,66.66666666666667,100.0,100.0,41,40,1.7560975609756098,4
2253,39.24025316455696,0.0,0.0,26,25,3.0384615384615383,3
2254,45.0,40.0,0.0,23,20,6.434782608695652,10
2264,19.75609756097561,0.0,0.0,16,15,7.6875,10
2265,40.16393442622951,50.0,0.0,18,16,3.388888888888889,2
2266,43.02255813953489,33.33,33.33|0.0,12,10,3.5833333333333335,6
2273,64.78632478632478,80.0,100.0,42,38,2.7857142857142856,5
2275,58.02462962962963,66.67,100.0,27,26,2.0,3
2276,65.08333333333333,77.5,100.0,30,29,2.0,4
2277,65.75,80.0,100.0,30,30,2.6666666666666665,5
2278,75.83333333333333,100.0,100.0,42,42,1.4285714285714286,4
2279,70.34482758620689,80.0,100.0,42,41,2.0714285714285716,5
2280,89.58333333333333,100.0,100.0,42,42,1.1428571428571428,3
2281,61.83671428571429,100.0,100.0,43,43,1.627906976744186,7
2282,93.91891891891892,100.0,100.0,32,32,1.15625,4
2283,80.35087719298245,100.0,100.0,44,44,1.2954545454545454,5
2284,83.33333333333333,100.0,100.0,41,41,1.9024390243902438,5
2285,85.36585365853658,100.0,100.0,36,36,1.1388888888888888,3
2286,68.63636363636364,100.0,100.0,25,25,1.76,5
2287,65.27272727272727,60.0,60.0,39,38,2.8205128205128207,5
2288,58.666199999999996,75.0,100.0,23,20,2.1739130434782608,6
2289,61.86046511627907,80.0,100.0,20,18,2.15,5
2290,50.0,50.0,0.0|100.0,44,43,2.1363636363636362,4
2291,64.11764705882354,100.0,100.0,18,18,1.8888888888888888,5
2292,83.33333333333333,100.0,100.0,22,22,1.5,2
2293,96.08695652173913,100.0,100.0,40,40,1.15,5
2294,67.87878787878788,80.0,100.0,27,27,2.4444444444444446,5
2295,63.8235294117647,80.0,100.0,27,25,2.5185185185185186,5
2296,63.095238095238095,75.0,100.0,43,42,2.441860465116279,4
2297,67.5,100.0,100.0,40,39,1.8,5
2298,99.33333333333333,100.0,100.0,29,29,1.0344827586206897,5
2299,73.02325581395348,100.0,100.0,25,24,1.72,5
2300,70.58823529411765,80.0,100.0,21,20,2.4285714285714284,5
2301,70.23785714285714,83.33,100.0,22,20,1.9090909090909092,6
2302,99.35483870967742,100.0,100.0,29,29,1.0689655172413792,5
2303,32.21830985915493,0.0,0.0,15,15,4.733333333333333,8
2304,43.880208333333336,25.0,0.0,68,66,2.823529411764706,4
2305,52.662241379310345,44.44,100.0,20,16,2.9,9
2306,48.756268656716415,33.33,0.0,33,31,2.0303030303030303,3
2307,74.02597402597402,100.0,100.0,45,44,1.711111111111111,4
2308,64.72225,100.0,100.0,62,59,1.935483870967742,6
2309,32.638888888888886,0.0,0.0,15,15,3.6,8
2310,46.578947368421055,50.0,0.0,23,21,6.608695652173913,5
2311,51.4367816091954,75.0,75.0,24,18,3.625,4
2312,80.75396825396825,87.5,100.0,32,30,1.96875,8
2313,49.333333333333336,60.0,0.0,33,26,5.454545454545454,5
2314,56.6666,100.0,100.0,30,30,1.6666666666666667,3
2315,73.33333333333333,100.0,100.0,30,30,1.5,5
2316,26.511627906976745,10.0,0.0,12,11,3.5833333333333335,10
2317,82.08333333333333,100.0,100.0,34,34,1.411764705882353,5
2318,49.09596899224806,50.0,50.0,21,18,6.142857142857143,6
2319,59.726027397260275,100.0,100.0,36,36,2.0277777777777777,5
2320,54.45544554455446,60.0,100.0,35,35,2.8857142857142857,5
2321,53.57142857142857,70.0,100.0,27,27,2.074074074074074,5
2322,65.96491228070175,100.0,100.0,35,34,1.6285714285714286,5
2323,85.26315789473684,100.0,100.0,40,40,1.425,5
2324,67.54098360655738,80.0,100.0,30,30,2.033333333333333,5
2325,60.64,80.0,100.0,44,42,2.840909090909091,5
2326,77.0,100.0,100.0,28,28,1.4285714285714286,5
2327,59.625,80.0,100.0,39,38,2.051282051282051,4
2328,63.191489361702125,80.0,100.0,38,38,2.473684210526316,5
2329,58.775510204081634,80.0,100.0,26,25,1.8846153846153846,5
2330,37.40157480314961,25.0,0.0,32,29,3.96875,4
2331,58.51063829787234,70.0,100.0,20,18,2.35,10
2332,76.78571428571429,100.0,100.0,24,24,1.75,4
2333,50.51282051282051,80.0,0.0,43,43,2.7209302325581395,4
2334,66.66666666666667,100.0,100.0,43,42,1.813953488372093,4
2335,77.83783783783784,100.0,100.0,88,87,1.6818181818181819,5
2336,44.87951807228916,0.0,0.0,34,34,2.4411764705882355,4
2337,37.878787878787875,0.0,0.0,17,14,3.8823529411764706,10
2338,81.69642857142857,100.0,100.0,43,41,1.302325581395349,4
2339,75.1241791044776,100.0,100.0,85,83,1.576470588235294,6
2340,72.44897959183673,100.0,100.0,79,77,1.860759493670886,4
2341,78.50746268656717,100.0,100.0,41,40,1.6341463414634145,5
2342,50.56168539325843,33.33,100.0,42,42,2.119047619047619,3
2343,85.71428571428571,100.0,100.0,6,6,1.1666666666666667,1
2344,63.943661971830984,100.0,100.0,42,42,1.6904761904761905,5
2345,71.86744680851064,100.0,100.0,88,87,1.6022727272727273,6
2346,61.11128205128205,100.0,100.0,39,39,2.0,3
2347,50.32573529411765,44.44,100.0|33.33,16,14,4.25,9
2348,64.44444444444444,71.43,100.0,18,16,2.5,7
2349,66.66666666666667,100.0,100.0,34,34,1.5,1
2350,43.77777777777778,40.0,100.0|0.0,17,13,2.6470588235294117,10
2351,35.0,20.0,0.0,18,17,3.7777777777777777,5
2352,75.00026315789474,100.0,100.0,25,24,1.52,6
2353,53.233582089552236,66.67,100.0,20,20,3.35,3
2354,50.456382978723404,42.86,100.0,19,18,2.473684210526316,7
2355,52.38095238095238,50.0,100.0,17,17,2.4705882352941178,4
2356,58.064516129032256,60.0,100.0,43,41,2.1627906976744184,5
2357,89.79591836734694,100.0,100.0,43,43,1.1395348837209303,3
2358,69.35483870967742,100.0,100.0,43,43,1.441860465116279,4
2359,74.61538461538461,100.0,100.0,43,43,1.5116279069767442,4
2360,84.44444444444444,100.0,100.0,29,29,1.5517241379310345,5
2361,82.6086956521739,100.0,100.0,33,31,1.393939393939394,5
2362,74.13793103448276,100.0,100.0,33,33,1.7575757575757576,6
2363,75.63636363636364,100.0,100.0,40,40,1.375,5
2364,80.0,100.0,100.0,31,31,1.2903225806451613,5
2365,67.53731343283582,100.0,100.0,38,38,1.763157894736842,4
2367,80.88235294117646,100.0,100.0,38,38,1.7894736842105263,5
2368,29.807692307692307,0.0,0.0,40,36,3.9,4
2369,53.01204819277108,80.0,100.0,37,37,2.2432432432432434,5
2370,66.33333333333333,100.0,100.0,35,34,1.7142857142857142,5
2371,76.27118644067797,100.0,100.0,44,44,1.3409090909090908,4
2372,71.15384615384616,100.0,100.0,39,39,2.0,4
2373,71.72619047619048,75.0,100.0,39,39,2.1538461538461537,4
2374,58.582089552238806,100.0,100.0,77,75,1.7402597402597402,4
2375,51.25,60.0,0.0,25,24,3.84,5
2376,64.59821428571429,80.0,100.0|80.0,36,33,3.111111111111111,4
2377,49.999883720930235,33.33,100.0,37,36,2.324324324324324,3
2378,49.92805755395683,60.0,0.0,39,38,3.5641025641025643,5
2379,72.83018867924528,100.0,100.0,31,31,1.7096774193548387,5
2381,51.504444444444445,50.0,100.0,35,35,2.057142857142857,3
2382,61.111111111111114,80.0,100.0,33,32,2.1818181818181817,5
2383,52.54237288135593,60.0,100.0,19,15,3.1052631578947367,5
2384,69.81132075471699,100.0,100.0,35,35,1.5142857142857142,4
2385,65.35714285714286,100.0,100.0,38,38,1.8421052631578947,4
2386,80.37974683544304,100.0,100.0,42,42,1.880952380952381,4
2387,51.765799256505574,50.0,100.0,118,114,2.2796610169491527,4
2388,96.80851063829788,100.0,100.0,44,44,1.0681818181818181,4
2389,66.66666666666667,100.0,100.0,44,44,1.5681818181818181,4
2390,44.51327433628319,40.0,0.0,16,16,7.0625,10
2391,95.13888888888889,100.0,100.0,34,34,1.0588235294117647,4
2392,89.42307692307692,100.0,100.0,44,44,1.1818181818181819,4
2393,77.27272727272727,100.0,100.0,36,35,1.8333333333333333,4
2394,59.25925925925926,100.0,100.0,44,44,1.8409090909090908,4
2395,56.962025316455694,100.0,100.0,44,44,1.7954545454545454,4
2396,44.444375,0.0,0.0,39,39,2.4615384615384617,3
2397,49.06542056074766,50.0,0.0|80.0,42,34,5.095238095238095,10
2398,53.20519230769231,50.0,100.0,22,22,2.3636363636363638,6
2399,37.264150943396224,0.0,0.0,37,34,2.864864864864865,4
2400,46.15338461538462,50.0,0.0,21,17,3.0952380952380953,6
2401,82.16216216216216,100.0,100.0,30,30,1.2333333333333334,5
2402,90.0,100.0,100.0,36,36,1.1111111111111112,1
2403,70.15873015873017,100.0,100.0,39,39,1.6153846153846154,5
2404,65.98673469387755,83.33,100.0,23,20,2.130434782608696,6
2405,63.0,80.0,100.0,26,24,2.3076923076923075,5
2406,46.8333,41.665,100.0,36,28,2.7777777777777777,6
2407,69.03225806451613,100.0,100.0,36,35,1.7222222222222223,5
2408,64.0,80.0,100.0,35,34,2.2857142857142856,5
2409,70.66666666666667,100.0,100.0,37,37,2.027027027027027,5
2410,70.61224489795919,100.0,100.0,51,50,1.9215686274509804,5
2411,72.61904761904762,100.0,100.0,37,36,1.7027027027027026,4
2412,46.2962962962963,33.33,0.0,21,19,2.5714285714285716,3
2413,71.9298245614035,100.0,100.0,36,36,1.5833333333333333,5
2414,83.87096774193549,100.0,100.0,48,48,1.2916666666666667,5
2415,67.90123456790124,100.0,100.0,47,45,1.7234042553191489,5
2416,73.38709677419355,100.0,100.0,33,33,1.878787878787879,4
2417,93.84615384615384,100.0,100.0,44,44,1.1818181818181819,5
2418,89.6875,100.0,100.0,51,50,1.2549019607843137,5
2419,81.22448979591837,100.0,100.0,39,39,1.2564102564102564,5
2420,86.667,100.0,100.0,39,39,1.2820512820512822,6
2421,73.59337662337663,100.0,100.0,40,40,1.925,6
2422,79.16666666666667,100.0,100.0,37,36,1.2972972972972974,1
2423,72.92307692307692,100.0,100.0,44,44,1.4772727272727273,5
2424,92.12962962962963,100.0,100.0,44,44,1.2272727272727273,4
2425,75.37878787878788,100.0,100.0,44,44,1.5,4
2426,97.87234042553192,100.0,100.0,44,44,1.0681818181818181,5
2427,80.3921568627451,100.0,100.0,40,40,1.275,4
2428,68.85245901639344,100.0,100.0,41,41,1.4878048780487805,4
2429,91.11111111111111,100.0,100.0,39,39,1.1538461538461537,5
2430,81.01694915254237,100.0,100.0,42,42,1.4047619047619047,5
2431,58.68852459016394,60.0,100.0,21,20,2.9047619047619047,5
2432,82.4,100.0,100.0,35,34,1.4285714285714286,5
2433,66.78321678321679,100.0,100.0,83,82,1.7228915662650603,2
2434,80.57971014492753,100.0,100.0,35,34,1.9714285714285715,5
2435,95.1219512195122,100.0,100.0,36,36,1.1388888888888888,6
2436,78.125,100.0,100.0,43,43,1.4883720930232558,2
2437,35.26315789473684,0.0,0.0,26,25,2.923076923076923,5
2438,78.125,100.0,100.0,42,42,1.5238095238095237,5
2439,71.75,100.0,100.0,59,56,1.694915254237288,4
2440,79.5031055900621,100.0,100.0,114,114,1.412280701754386,5
2441,87.6923076923077,100.0,100.0,74,74,1.2297297297297298,5
2442,79.58974358974359,100.0,100.0,128,127,1.5234375,5
2443,83.21428571428571,100.0,100.0,39,38,1.435897435897436,5
2444,60.53847533632287,66.67,100.0,100,99,2.23,3
2445,68.40764331210191,100.0,100.0,85,82,1.8470588235294119,5
2446,71.15384615384616,100.0,100.0,35,33,1.4857142857142858,5
2447,58.85421875,100.0,100.0,37,37,1.7297297297297298,6
2448,79.15492957746478,100.0,100.0,43,42,1.6511627906976745,5
2449,74.17823943661972,100.0,100.0,85,84,1.6705882352941177,6
2450,81.02189781021897,100.0,100.0,85,83,1.611764705882353,5
2451,77.88617886178862,100.0,100.0,87,86,1.4137931034482758,5
2452,81.84615384615384,100.0,100.0,48,47,1.3541666666666667,5
2453,86.0377358490566,100.0,100.0,42,42,1.2619047619047619,5
2454,91.44934782608695,100.0,100.0,38,38,1.2105263157894737,6
2455,46.81481481481482,20.0,0.0,55,52,2.4545454545454546,5
2456,91.0,100.0,100.0,91,90,1.3186813186813187,5
2457,55.7145,50.0,100.0,21,20,1.9047619047619047,6
2458,73.84615384615384,100.0,100.0,25,23,1.56,5
2459,56.0,60.0,100.0,33,31,2.5757575757575757,5
2460,73.71428571428571,100.0,100.0,24,24,1.4583333333333333,5
2461,92.97872340425532,100.0,100.0,82,82,1.146341463414634,5
2462,76.85185185185185,80.0,100.0,40,38,2.7,5
2463,76.43835616438356,100.0,100.0,41,41,1.7804878048780488,5
2464,86.38655462184875,100.0,100.0,83,82,1.4337349397590362,5
2465,73.78378378378379,100.0,100.0,41,41,1.8048780487804879,5
2466,81.21666666666667,100.0,100.0,42,42,1.5,6
2467,88.78504672897196,100.0,100.0,92,91,1.1630434782608696,4
2468,55.12820512820513,100.0,100.0,44,43,1.7727272727272727,4
2469,69.0625,100.0,100.0,34,33,1.8823529411764706,5
2470,48.69565217391305,20.0,100.0|0.0,33,33,2.090909090909091,5
2471,60.45454545454545,60.0,100.0,38,36,2.3157894736842106,5
2472,62.95454545454545,90.0,100.0,43,43,2.046511627906977,5
2473,73.57142857142857,100.0,100.0,34,34,1.6470588235294117,5
2474,68.75,100.0,100.0,41,40,1.5609756097560976,4
2475,88.88888888888889,100.0,100.0,48,46,1.125,5
2476,71.2366129032258,100.0,100.0,46,44,1.3478260869565217,6
2477,59.593023255813954,75.0,100.0,36,36,2.388888888888889,4
2478,74.13793103448276,100.0,100.0,43,43,1.3488372093023255,5
2479,30.521472392638035,0.0,0.0,43,41,3.7906976744186047,4
2480,58.108108108108105,100.0,100.0,43,43,1.7209302325581395,4
2481,83.63636363636364,100.0,100.0,44,44,1.25,5
2482,66.58823529411765,80.0,100.0,38,38,2.236842105263158,5
2483,84.4,100.0,100.0,37,37,1.3513513513513513,5
2484,64.51612903225806,75.0,100.0,38,36,2.4473684210526314,4
2485,67.9245283018868,100.0,100.0,36,36,1.4722222222222223,4
2486,59.642857142857146,100.0,100.0,31,30,1.8064516129032258,5
2487,56.73076923076923,87.5,100.0,36,36,2.1666666666666665,4
2488,58.48101265822785,100.0,100.0,42,41,1.880952380952381,5
2489,76.66666666666667,100.0,100.0,85,85,1.411764705882353,2
2490,79.61904761904762,100.0,100.0,81,81,1.2962962962962963,5
2491,89.79591836734694,100.0,100.0,41,40,1.1951219512195121,2
2492,74.63414634146342,80.0,100.0,21,20,1.9523809523809523,5
2493,82.5,100.0,100.0,40,40,1.2,5
2494,91.04895104895105,100.0,100.0,127,127,1.125984251968504,5
2495,73.01587301587301,100.0,100.0,37,37,1.7027027027027026,2
2496,66.88524590163935,100.0,100.0,32,31,1.90625,5
2497,72.22222222222223,100.0,100.0,34,34,1.588235294117647,1
2498,86.0377358490566,100.0,100.0,42,42,1.2619047619047619,5
2499,57.81818181818182,60.0,60.0,35,32,4.714285714285714,5
2500,56.25,100.0,100.0,80,78,1.8,1
2501,86.23195652173914,100.0,100.0,37,37,1.2432432432432432,6
2502,57.0,60.0,100.0,37,34,2.7027027027027026,5
2503,30.56,0.0,0.0,29,28,4.310344827586207,5
2504,39.61538461538461,0.0,0.0,43,43,2.4186046511627906,5
2505,71.89189189189189,100.0,100.0,43,41,1.7209302325581395,5
2506,78.28947368421052,100.0,100.0,79,79,1.9240506329113924,5
2508,46.666666666666664,40.0,0.0,25,22,2.64,5
2509,78.97435897435898,100.0,100.0,31,31,1.2580645161290323,5
2510,56.0,40.0,100.0,11,9,2.272727272727273,5
2511,50.45454545454545,40.0,100.0,38,37,2.3157894736842106,5
2512,84.48979591836735,100.0,100.0,38,38,1.2894736842105263,5
2513,78.10344827586206,100.0,100.0,83,83,1.3975903614457832,5
2514,80.16129032258064,100.0,100.0,87,86,1.4252873563218391,5
2515,82.9934693877551,100.0,100.0,37,37,1.3243243243243243,6
2516,92.34042553191489,100.0,100.0,40,40,1.175,5
2517,91.42857142857143,100.0,100.0,42,42,1.1666666666666667,5
2518,71.04477611940298,100.0,100.0,35,34,1.9142857142857144,5
2519,75.65217391304348,100.0,100.0,38,38,1.8157894736842106,5
2520,64.25086956521739,100.0,100.0,41,40,1.6829268292682926,3
2521,52.524848484848484,33.33,100.0,32,32,2.0625,3
2522,69.04109589041096,100.0,100.0,84,84,1.7380952380952381,5
2523,75.48076923076923,100.0,100.0,77,76,1.3506493506493507,2
2524,35.55555555555556,20.0,0.0,20,19,3.6,5
2525,78.4812658227848,100.0,100.0,55,54,1.4363636363636363,3
2526,61.44404332129964,80.0,100.0,92,85,3.010869565217391,5
2527,64.99232876712328,100.0,100.0,111,111,1.972972972972973,3
2528,82.04425414364641,100.0,100.0,134,133,1.3507462686567164,6
2529,74.17721518987342,100.0,100.0,91,89,1.7362637362637363,5
2530,62.89855072463768,100.0,100.0,81,81,1.7037037037037037,5
2531,75.929203539823,100.0,100.0,79,79,1.4303797468354431,5
2532,66.42857142857143,50.0,100.0,33,32,2.121212121212121,2
2533,72.92682926829268,100.0,100.0,102,101,1.607843137254902,5
2534,74.42857142857143,100.0,100.0,101,101,1.386138613861386,5
2535,84.22619047619048,100.0,100.0,133,132,1.263157894736842,2
2536,68.5792349726776,100.0,100.0,107,99,1.7102803738317758,2
2537,75.0,100.0,100.0,38,38,1.4736842105263157,5
2538,68.72727272727273,100.0,100.0,90,89,1.8333333333333333,5
2539,91.1304347826087,100.0,100.0,93,91,1.2365591397849462,5
2540,66.34146341463415,80.0,100.0,21,20,1.9523809523809523,5
2541,79.59183673469387,100.0,100.0,72,69,1.3611111111111112,2
2542,91.47928994082841,100.0,100.0,143,142,1.1818181818181819,5
2543,77.83018867924528,100.0,100.0,37,37,1.4324324324324325,4
2544,66.31395061728395,100.0,100.0,41,38,1.975609756097561,7
2545,82.421875,100.0,100.0,49,46,1.3061224489795917,4
2546,70.0,100.0,100.0,44,44,1.4772727272727273,4
2547,66.84931506849315,100.0,100.0,44,43,1.6590909090909092,5
2548,57.981651376146786,80.0,100.0,38,38,2.8684210526315788,5
2549,74.91525423728814,100.0,100.0,33,33,1.7878787878787878,5
2550,82.96296296296296,100.0,100.0,38,38,1.4210526315789473,5
2551,93.33333333333333,100.0,100.0,38,38,1.1842105263157894,5
2552,57.89463157894737,50.0,100.0,34,34,2.7941176470588234,6
2553,55.0,60.0,100.0,24,24,3.3333333333333335,5
2554,57.81818181818182,100.0,100.0,30,30,1.8333333333333333,5
2555,67.85714285714286,100.0,100.0,37,37,1.5135135135135136,5
2556,66.81818181818181,90.0,100.0,23,21,1.9130434782608696,5
2557,50.54945054945055,50.0,100.0,38,38,2.3947368421052633,4
2558,62.7906976744186,90.0,100.0,41,41,2.097560975609756,5
2559,73.77049180327869,100.0,100.0,40,40,1.525,5
2560,74.23728813559322,100.0,100.0,34,32,1.7352941176470589,5
2561,86.27450980392157,100.0,100.0,43,42,1.186046511627907,4
2562,42.42424242424242,0.0,0.0,38,38,2.6052631578947367,4
2563,35.55542857142857,0.0,0.0,33,33,3.1818181818181817,3
2564,69.56521739130434,100.0,100.0,44,44,1.5681818181818181,5
2565,53.333333333333336,60.0,100.0,38,37,2.6052631578947367,5
2566,39.19406593406593,0.0,0.0,30,30,3.033333333333333,6
2567,64.82758620689656,100.0,100.0,33,33,1.7575757575757576,2
2570,82.14291666666666,100.0,100.0,30,30,1.6,7
2571,87.59421052631579,100.0,100.0,30,30,1.2666666666666666,7
2572,52.06349206349206,60.0,100.0,38,36,3.3157894736842106,5
2573,67.83505154639175,100.0,100.0,51,48,1.9019607843137254,5
2574,79.45205479452055,100.0,100.0,50,48,1.46,5
2575,81.9998,100.0,100.0,37,37,1.3513513513513513,3
2576,53.94268817204301,50.0,100.0,38,38,2.4473684210526314,6
2577,73.21428571428571,80.0,100.0,29,26,1.9310344827586208,5
2578,72.00871794871794,100.0,100.0,45,44,1.7333333333333334,3
2579,70.90163934426229,100.0,100.0,36,35,1.6944444444444444,4
2580,78.97435897435898,100.0,100.0,51,48,1.5294117647058822,5
2581,92.81039215686275,100.0,100.0,44,43,1.1590909090909092,6
2582,91.93548387096774,100.0,100.0,55,55,1.1272727272727272,5
2583,78.70967741935483,100.0,100.0,40,36,1.55,5
2584,95.0,100.0,100.0,95,95,1.1368421052631579,5
2585,81.40350877192982,100.0,100.0,35,35,1.6285714285714286,5
2586,87.56756756756756,100.0,100.0,52,52,1.4230769230769231,5
2587,82.98507462686567,100.0,100.0,51,51,1.3137254901960784,5
2588,59.33734939759036,75.0,100.0,44,41,1.8863636363636365,4
2589,83.65384615384616,100.0,100.0,42,42,1.2380952380952381,4
2590,54.395604395604394,50.0,100.0,36,35,2.5277777777777777,4
2591,71.62162162162163,100.0,100.0,44,42,1.6818181818181819,5
2592,59.46969696969697,62.5,100.0,31,30,2.129032258064516,4
2593,25.949367088607595,0.0,0.0,38,37,4.157894736842105,5
2594,92.12127272727272,100.0,100.0,50,50,1.1,6
2595,90.9090909090909,100.0,100.0,56,56,1.1785714285714286,4
2597,67.07256097560976,83.33,100.0,34,33,2.411764705882353,6
2598,74.84872727272727,100.0,100.0,31,31,1.7741935483870968,6
2599,55.0,100.0,100.0,25,25,1.6,6
2600,68.84615384615384,100.0,100.0,29,27,1.793103448275862,5
2601,88.46153846153847,100.0,100.0,40,40,1.3,5
2602,93.6,100.0,100.0,44,44,1.1363636363636365,5
2603,53.675213675213676,80.0,100.0,45,43,2.6,5
2604,71.76517647058823,100.0,100.0,46,46,1.8478260869565217,6
2605,63.75,80.0,100.0,24,24,2.6666666666666665,5
2606,81.12244897959184,100.0,100.0,130,130,1.5076923076923077,2
2607,55.833333333333336,75.0,100.0,41,39,2.1951219512195124,4
2608,60.98765432098765,100.0,100.0,45,42,1.8,5
2609,82.8125,100.0,100.0,49,46,1.3061224489795917,4
2610,57.333333333333336,90.0,100.0,43,42,2.0930232558139537,5
2612,83.46774193548387,100.0,100.0,35,34,1.7714285714285714,4
2613,70.3125,100.0,100.0,51,50,1.5686274509803921,4
2614,80.38461538461539,100.0,100.0,44,44,1.4772727272727273,4
2615,83.2,100.0,100.0,38,38,1.3157894736842106,5
2616,91.66666666666667,100.0,100.0,49,46,1.1020408163265305,4
2617,82.14303571428572,100.0,100.0,39,39,1.435897435897436,3
2618,75.51020408163265,100.0,100.0,29,29,1.6896551724137931,2
2619,85.3801754385965,100.0,100.0,47,47,1.2127659574468086,3
2620,86.76470588235294,100.0,100.0,57,57,1.1929824561403508,2
2621,79.73333333333333,100.0,100.0,53,52,1.4150943396226414,5
2622,68.57503816793893,83.33,100.0,54,53,2.425925925925926,6
2623,87.76119402985074,100.0,100.0,53,52,1.2641509433962264,5
2624,72.0,100.0,100.0,28,28,1.4285714285714286,5
2625,71.27659574468085,80.0,100.0,37,36,2.5405405405405403,5
2626,84.0909090909091,100.0,100.0,38,37,1.1578947368421053,5
2627,64.01545454545455,100.0,100.0,45,45,1.9555555555555555,3
2628,85.99297872340425,100.0,100.0,39,39,1.205128205128205,3
2629,58.07692307692308,75.0,100.0,34,33,1.911764705882353,4
2630,40.816326530612244,50.0,0.0,39,36,3.769230769230769,2
2631,42.68292682926829,40.0,0.0,24,23,3.4166666666666665,5
2632,65.48387096774194,70.0,100.0,25,25,2.48,5
2633,51.5625,40.0,100.0,29,29,2.206896551724138,5
2634,67.76978417266187,100.0,100.0,86,83,1.6162790697674418,5
2635,75.73529411764706,100.0,100.0,40,39,1.7,2
2636,56.2962962962963,60.0,100.0,11,11,2.4545454545454546,5
2637,55.90909090909091,100.0,100.0,42,42,2.0952380952380953,5
2638,67.27272727272727,100.0,100.0,32,32,1.71875,5
2639,67.21088435374149,100.0,100.0,68,68,2.161764705882353,5
2640,91.25,100.0,100.0,39,39,1.2307692307692308,5
2641,71.04166666666667,80.0,100.0,40,38,2.4,5
2642,58.285714285714285,90.0,100.0,36,33,1.9444444444444444,5
2643,74.13793103448276,100.0,100.0,39,38,1.4871794871794872,5
2644,57.77722222222222,66.67,100.0,37,37,2.4324324324324325,3
2645,78.16068965517242,100.0,100.0,40,39,1.45,3
2646,85.32608695652173,100.0,100.0,38,38,1.2105263157894737,4
2647,61.53836538461538,66.67,100.0,42,42,2.4761904761904763,3
2648,54.36046511627907,75.0,100.0|0.0,29,29,2.9655172413793105,4
2649,68.96551724137932,100.0,100.0,35,35,1.6571428571428573,4
2650,71.69830188679245,100.0,100.0,32,30,1.65625,6
2651,96.95121951219512,100.0,100.0,39,39,1.0512820512820513,4
2652,40.90909090909091,20.0,0.0,33,30,2.6666666666666665,5
2653,91.11111111111111,100.0,100.0,40,39,1.125,4
2654,76.47058823529412,100.0,100.0,27,27,1.2592592592592593,5
2655,85.71428571428571,100.0,100.0,41,41,1.1951219512195121,4
2656,81.40350877192982,100.0,100.0,40,40,1.425,5
2657,59.59183673469388,80.0,100.0,25,22,1.96,5
2658,83.49056603773585,100.0,100.0,38,38,1.394736842105263,4
2659,97.5609756097561,100.0,100.0,40,40,1.025,4
2660,80.0,100.0,100.0,64,64,1.5,5
2661,88.58695652173913,100.0,100.0,40,40,1.15,4
2662,97.5609756097561,100.0,100.0,40,40,1.025,4
2663,91.80327868852459,100.0,100.0,54,54,1.1296296296296295,4
2665,95.1219512195122,100.0,100.0,39,39,1.0512820512820513,4
2666,74.0,100.0,100.0,51,49,1.4705882352941178,4
2667,77.61194029850746,100.0,100.0,40,40,1.675,4
2668,94.76744186046511,100.0,100.0,40,40,1.075,4
2669,72.76785714285714,100.0,100.0,39,39,1.435897435897436,4
2670,85.66176470588235,100.0,100.0,51,50,1.3333333333333333,4
2671,87.5,100.0,100.0,40,40,1.2,4
2672,92.22222222222223,100.0,100.0,48,47,1.125,5
2673,94.64285714285714,100.0,100.0,38,37,1.105263157894737,4
2674,83.62068965517241,100.0,100.0,45,44,1.288888888888889,4
2675,89.58333333333333,100.0,100.0,43,43,1.1162790697674418,4
2676,56.995925925925924,100.0,100.0,42,42,1.9285714285714286,6
2677,82.6923076923077,100.0,100.0,41,41,1.2682926829268293,4
2678,92.37288135593221,100.0,100.0,48,48,1.2291666666666667,4
2679,70.83333333333333,100.0,100.0,39,39,1.6923076923076923,4
2680,76.75438596491227,100.0,100.0,39,39,1.4615384615384615,4
2681,79.82456140350877,100.0,100.0,42,42,1.3571428571428572,4
2682,50.21186440677966,62.5,0.0,39,38,3.0256410256410255,4
2683,43.73831775700935,20.0,0.0,37,36,2.891891891891892,5
2684,57.56578947368421,100.0,100.0,38,36,2.0,4
2685,69.61538461538461,100.0,100.0,41,41,1.5853658536585367,4
2686,44.68468468468468,20.0,0.0,35,35,3.1714285714285713,5
2687,59.7972972972973,100.0,100.0,40,40,1.85,4
2688,64.17880597014926,100.0,100.0,39,39,1.7179487179487178,3
2689,82.21153846153847,100.0,100.0,36,36,1.4444444444444444,4
2690,50.0,50.0,100.0,33,29,3.3333333333333335,4
2691,64.47368421052632,100.0,100.0,34,33,1.6764705882352942,4
2692,66.41962962962963,100.0,100.0,83,81,1.6265060240963856,3
2693,42.85785714285714,16.67,100.0,9,9,1.5555555555555556,6
2694,87.56756756756756,100.0,100.0,30,30,1.2333333333333334,5
2695,71.5,100.0,100.0,22,21,1.8181818181818181,5
2696,46.97674418604651,40.0,0.0,15,15,2.8666666666666667,5
2697,67.70833333333333,100.0,100.0,30,30,1.6,2
2698,55.41675,100.0,100.0,24,24,1.6666666666666667,6
2699,45.833392857142854,33.33,0.0,26,25,4.3076923076923075,6
2701,74.40119760479043,100.0,100.0,97,94,1.7216494845360826,4
2702,36.8,0.0,0.0,35,35,3.5714285714285716,2
2703,54.21052631578947,50.0,100.0,34,33,2.7941176470588234,2
2704,77.77777777777777,100.0,100.0,72,68,1.25,2
2705,75.25252525252525,100.0,100.0,66,63,1.5,2
2706,58.333333333333336,100.0,100.0,29,29,2.0689655172413794,1
2707,81.5126050420168,100.0,100.0,84,84,1.4166666666666667,2
2708,59.09090909090909,58.335,100.0,19,19,3.473684210526316,6
2709,85.0,100.0,100.0,33,33,1.2121212121212122,2
2710,75.09433962264151,100.0,100.0,63,62,1.6825396825396826,5
2711,91.56626506024097,100.0,100.0,73,73,1.1369863013698631,1
2712,72.3076923076923,100.0,100.0,27,25,1.4444444444444444,5
2713,56.0852380952381,33.33,100.0,27,24,2.3333333333333335,6
2714,43.23529411764706,30.0,0.0,25,20,2.72,5
2715,56.94375,50.0,100.0,32,31,2.25,3
2716,49.6078431372549,60.0,0.0,55,41,3.709090909090909,5
2717,75.57522123893806,100.0,100.0,65,65,1.7384615384615385,5
2718,59.297108843537416,66.67,100.0,121,114,2.4297520661157024,3
2719,83.07692307692308,100.0,100.0,29,27,1.3448275862068966,5
2720,88.79310344827586,100.0,100.0,23,23,1.2608695652173914,4
2721,86.19047619047619,100.0,100.0,37,37,1.135135135135135,5
2722,86.82926829268293,100.0,100.0,36,36,1.1388888888888888,5
2723,75.42372881355932,100.0,100.0,37,37,1.5945945945945945,4
2724,92.85714285714286,100.0,100.0,38,38,1.105263157894737,3
2725,73.58490566037736,100.0,100.0,32,30,1.65625,5
2726,82.3529411764706,100.0,100.0,70,67,1.2142857142857142,1
2727,56.75675675675676,50.0,100.0,32,31,2.3125,4
2728,57.94117647058823,100.0,100.0,33,33,2.0606060606060606,5
2729,79.21875,100.0,100.0,86,85,1.4883720930232558,5
2730,73.6842105263158,100.0,100.0,36,36,1.5833333333333333,5
2731,72.96296296296296,100.0,100.0,36,36,1.5,5
2732,72.03389830508475,100.0,100.0,37,37,1.5945945945945945,4
2733,57.72727272727273,60.0,100.0,20,17,2.2,5
2734,76.25,100.0,100.0,30,25,1.3333333333333333,6
2735,80.81632653061224,100.0,100.0,33,30,1.4848484848484849,5
2736,80.0,100.0,100.0,34,32,1.3529411764705883,5
2737,84.472049689441,100.0,100.0,124,121,1.2983870967741935,5
2738,73.03370786516854,100.0,100.0,68,67,1.3088235294117647,5
2739,84.04564102564103,100.0,100.0,90,89,1.3,3
2740,86.45833333333333,100.0,100.0,81,81,1.1851851851851851,5
2741,84.88888888888889,100.0,100.0,134,132,1.3432835820895523,5
2742,77.57575757575758,100.0,100.0,25,23,1.32,5
2743,72.6829268292683,100.0,100.0,26,24,1.5769230769230769,5
2744,88.46153846153847,100.0,100.0,24,21,1.0833333333333333,5
2745,81.21794871794872,100.0,100.0,55,54,1.4181818181818182,4
2746,85.84905660377359,100.0,100.0,42,36,1.2619047619047619,2
2747,70.66371681415929,100.0,100.0,54,53,2.0925925925925926,4
2748,62.821666666666665,66.67,66.67,26,24,3.0,3
2749,47.2972972972973,16.67,0.0,17,15,2.176470588235294,6
2750,88.23529411764706,100.0,100.0,32,32,1.0625,2
2751,71.5068493150685,100.0,100.0,42,42,1.7380952380952381,5
2752,84.6668,100.0,100.0,40,39,1.25,3
2753,80.9090909090909,100.0,100.0,42,42,1.3095238095238095,2
2754,80.85106382978724,100.0,100.0,37,36,1.2702702702702702,4
2755,44.705882352941174,0.0,0.0,36,36,2.361111111111111,4
2756,85.80645161290323,100.0,100.0,24,23,1.2916666666666667,5
2757,74.6664,100.0,100.0,14,13,1.7857142857142858,6
2758,74.16625,100.0,100.0,24,21,1.6666666666666667,6
2759,74.53703703703704,100.0,100.0,37,36,1.4594594594594594,4
2760,71.55172413793103,100.0,100.0,39,39,1.4871794871794872,4
2761,83.17307692307692,100.0,100.0,38,38,1.368421052631579,4
2762,93.48837209302326,100.0,100.0,39,37,1.1025641025641026,5
2763,89.47368421052632,100.0,100.0,42,41,1.3571428571428572,4
2764,77.63157894736842,100.0,100.0,46,40,1.2391304347826086,4
2765,87.72727272727273,100.0,100.0,48,46,1.1458333333333333,4
2766,79.3103448275862,100.0,100.0,49,46,1.183673469387755,4
2767,64.93506493506493,100.0,100.0,44,38,1.75,5
2768,73.63636363636364,100.0,100.0,49,45,1.346938775510204,5
2769,87.5,100.0,100.0,39,37,1.2307692307692308,2
2770,57.027027027027025,100.0,100.0,41,37,1.8048780487804879,1
2771,89.22413793103448,100.0,100.0,50,50,1.16,4
2772,87.11864406779661,100.0,100.0,50,50,1.18,5
2773,43.646408839779006,0.0,0.0,73,72,2.4794520547945207,2
2774,84.56140350877193,100.0,100.0,47,47,1.2127659574468086,5
2775,82.98507462686567,100.0,100.0,50,50,1.34,5
2776,65.92592592592592,100.0,100.0,38,33,1.4210526315789473,5
2777,74.11764705882354,100.0,100.0,50,49,1.36,5
2778,84.21052631578948,100.0,100.0,45,45,1.2666666666666666,4
2779,87.09677419354838,100.0,100.0,47,45,1.3191489361702127,4
2780,87.03722222222223,100.0,100.0,46,44,1.173913043478261,7
2781,59.66101694915254,60.0,100.0,27,25,2.185185185185185,5
2782,56.271186440677965,100.0,100.0,33,33,1.7878787878787878,5
2783,83.1,90.0,100.0,44,42,2.272727272727273,10
2784,78.8157894736842,100.0,100.0,41,39,1.853658536585366,10
2785,80.0,90.0,100.0,40,39,2.1,10
2786,68.41463414634147,90.0,100.0,41,41,2.0,10
2787,74.3103448275862,100.0,100.0,37,37,1.5675675675675675,10
2788,69.57446808510639,80.0,100.0,42,41,2.238095238095238,10
2789,76.36363636363636,100.0,100.0,46,45,1.673913043478261,5
2790,74.79452054794521,100.0,100.0,47,47,1.553191489361702,10
2791,60.229885057471265,100.0,100.0,47,47,1.851063829787234,5
2792,66.3768115942029,100.0,100.0,44,44,1.5681818181818181,5
2793,78.41093959731543,83.33,83.33,43,42,3.4651162790697674,6
2794,88.70370370370371,100.0,100.0,46,45,1.173913043478261,10
2795,79.4478527607362,90.0,90.0,45,43,3.6222222222222222,10
2796,80.98591549295774,100.0,100.0,44,43,1.6136363636363635,10
2797,90.34482758620689,100.0,100.0,33,33,1.7575757575757576,10
2798,75.48148148148148,80.0,100.0,37,34,3.6486486486486487,10
2799,60.65217391304348,80.0,100.0,43,40,3.2093023255813953,10
2800,92.5925925925926,100.0,100.0,50,50,1.08,10
2801,93.13725490196079,100.0,100.0,43,41,1.186046511627907,10
2802,76.3768115942029,100.0,100.0,45,45,1.5333333333333334,10
2803,87.11864406779661,100.0,100.0,47,47,1.2553191489361701,5
2804,71.27648936170213,100.0,100.0,48,48,1.9583333333333333,6
2805,75.61904761904762,90.0,100.0,49,48,2.142857142857143,10
2806,62.94871794871795,100.0,100.0,46,46,1.6956521739130435,10
2807,91.6,100.0,100.0,45,45,1.1111111111111112,5
2808,79.46666666666667,100.0,100.0,46,46,1.6304347826086956,10
2809,86.37931034482759,100.0,100.0,47,47,1.2340425531914894,10
2810,56.699029126213595,70.0,100.0,44,42,2.340909090909091,10
2811,76.62650602409639,100.0,100.0,51,49,1.6274509803921569,10
2812,75.63218390804597,100.0,100.0,49,49,1.7755102040816326,5
2813,81.24087591240875,90.0,100.0,46,41,2.9782608695652173,10
2814,48.306451612903224,30.0,100.0,47,47,2.6382978723404253,10
2815,84.67455621301775,90.0,100.0,78,78,2.1666666666666665,10
2816,86.39344262295081,100.0,100.0,46,46,1.326086956521739,10
2817,73.73493975903614,100.0,100.0,46,45,1.8043478260869565,5
2818,73.71794871794872,100.0,100.0,51,50,1.5294117647058822,10
2819,75.72972972972973,90.0,100.0,80,76,2.3125,10
2820,96.03174603174604,100.0,100.0,49,49,1.2857142857142858,10
2821,87.76119402985074,100.0,100.0,48,48,1.3958333333333333,5
2822,69.63414634146342,95.0,100.0,40,40,2.05,10
2823,36.8421052631579,20.0,0.0,25,25,2.28,10
2824,70.0,100.0,100.0,34,34,1.7941176470588236,10
2825,78.10810810810811,100.0,100.0,49,49,1.510204081632653,5
2826,62.857142857142854,100.0,100.0,47,47,1.9361702127659575,10
2827,71.51898734177215,100.0,100.0,50,50,1.58,10
2828,81.55172413793103,100.0,100.0,46,46,1.2608695652173914,10
2829,76.625,100.0,100.0,50,50,1.6,10
2830,80.15625,100.0,100.0,35,35,1.8285714285714285,10
2831,82.5925925925926,100.0,100.0,38,38,1.4210526315789473,5
2832,75.34482758620689,100.0,100.0,35,34,1.6571428571428573,10
2833,88.0,100.0,100.0,48,47,1.4583333333333333,5
2834,66.0,100.0,100.0,32,31,1.5625,5
2835,61.16279069767442,70.0,100.0,33,29,2.606060606060606,10
2836,75.5952380952381,90.0,100.0,38,34,2.210526315789474,10
2837,67.88461538461539,100.0,100.0,36,36,1.4444444444444444,10
2838,79.14893617021276,100.0,100.0,37,36,1.2702702702702702,10
2839,88.8135593220339,100.0,100.0,50,50,1.18,5
2840,75.47169811320755,100.0,100.0,38,38,1.394736842105263,5
2841,93.61702127659575,100.0,100.0,40,40,1.175,5
2842,59.63636363636363,100.0,100.0,28,28,1.9642857142857142,5
2843,73.50877192982456,100.0,100.0,39,38,1.4615384615384615,10
2844,54.883720930232556,40.0,100.0,37,35,2.324324324324324,10
2845,60.215053763440864,60.0,100.0,38,32,2.4473684210526314,5
2846,84.23076923076923,100.0,100.0,48,48,1.625,10
2847,94.82142857142857,100.0,100.0,50,50,1.12,10
2848,76.41025641025641,80.0,100.0,39,36,2.0,5
2849,84.72727272727273,100.0,100.0,39,38,1.4102564102564104,5
2850,58.61538461538461,90.0,100.0,35,34,1.8571428571428572,10
2851,85.65217391304348,100.0,100.0,36,36,1.2777777777777777,5
2852,67.3076923076923,100.0,100.0,31,31,1.6774193548387097,10
2853,85.68181818181819,100.0,100.0,36,36,1.2222222222222223,10
2854,78.26086956521739,90.0,100.0,35,34,1.9714285714285715,10
2855,71.11145454545455,100.0,100.0,35,35,1.5714285714285714,9
2856,89.0909090909091,100.0,100.0,40,40,1.65,5
2857,21.412429378531073,0.0,0.0,34,29,5.205882352941177,10
2858,82.5,100.0,100.0,36,36,1.2222222222222223,10
2859,73.51351351351352,80.0,100.0,36,34,2.0555555555555554,10
2860,87.63157894736842,100.0,100.0,28,28,1.3571428571428572,10
2861,81.42857142857143,100.0,100.0,38,37,1.4736842105263157,5
2862,95.4054054054054,100.0,100.0,31,31,1.1935483870967742,10
2863,86.42857142857143,100.0,100.0,38,38,1.4736842105263157,10
2864,57.06896551724138,70.0,100.0,31,25,1.8709677419354838,10
2865,65.89041095890411,100.0,100.0,39,38,1.8717948717948718,10
2866,57.54385964912281,90.0,100.0,31,31,1.8387096774193548,10
2867,80.0,100.0,100.0,38,38,1.263157894736842,5
2868,87.61904761904762,100.0,100.0,36,36,1.1666666666666667,10
2869,62.89156626506024,100.0,100.0,50,50,1.66,5
2870,90.69767441860465,100.0,100.0,37,37,1.162162162162162,10
2871,89.53125,100.0,100.0,50,49,1.28,10
2872,70.52631578947368,100.0,100.0,37,37,1.5405405405405406,5
2873,50.07751937984496,80.0,0.0,38,37,3.3947368421052633,5
2874,71.22448979591837,100.0,100.0,30,29,1.6333333333333333,10
2875,67.27272727272727,100.0,100.0,37,37,1.4864864864864864,5
2876,83.45454545454545,100.0,100.0,44,42,1.25,10
2877,83.26530612244898,100.0,100.0,37,37,1.3243243243243243,5
2878,85.40983606557377,100.0,100.0,45,43,1.3555555555555556,10
2879,78.03571428571429,100.0,100.0,40,39,1.4,10
2880,57.26315789473684,40.0,100.0,45,39,2.111111111111111,5
2881,90.0,100.0,100.0,48,48,1.2291666666666667,10
2882,77.17647058823529,90.0,100.0,46,37,1.8478260869565217,10
2883,83.0,100.0,100.0,46,46,1.3043478260869565,5
2884,90.0,100.0,100.0,51,51,1.1372549019607843,10
2885,64.4,100.0,100.0,38,38,1.9736842105263157,10
2886,96.0,100.0,100.0,48,48,1.0416666666666667,5
2887,84.72727272727273,100.0,100.0,50,43,1.1,5
2888,83.6,100.0,100.0,44,37,1.1363636363636365,5
2889,96.66666666666667,100.0,100.0,50,50,1.08,5
2890,77.1243137254902,100.0,100.0,38,33,1.3421052631578947,9
2891,98.4,100.0,100.0,49,49,1.0204081632653061,5
2892,48.459327731092436,66.67,0.0,36,34,3.3055555555555554,6
2893,82.66129032258064,100.0,100.0,49,49,1.2653061224489797,4
2894,62.16216216216216,90.0,100.0,36,36,2.0555555555555554,5
2895,95.0,100.0,100.0,54,54,1.1111111111111112,2
2896,58.608695652173914,60.0,100.0,39,35,2.948717948717949,5
2897,88.6668,100.0,100.0,41,41,1.2195121951219512,3
2898,72.72712121212122,100.0,100.0,41,41,1.6097560975609757,6
2899,90.14925373134328,100.0,100.0,57,57,1.1754385964912282,5
2900,65.0,100.0,100.0,40,39,1.6,5
2901,90.97222222222223,100.0,100.0,54,54,1.3333333333333333,4
2902,90.8,100.0,100.0,45,44,1.1111111111111112,5
2903,83.33392857142857,100.0,100.0,39,31,1.435897435897436,3
2904,77.01492537313433,100.0,100.0,41,40,1.6341463414634145,5
2905,91.03448275862068,100.0,100.0,52,52,1.1153846153846154,5
2906,75.0,100.0,100.0,40,40,1.4,7
2908,32.475247524752476,0.0,0.0,86,84,4.6976744186046515,5
2909,87.6984126984127,100.0,100.0,40,40,1.575,4
2910,87.36842105263158,100.0,100.0,40,31,1.425,10
2911,87.22222222222223,100.0,100.0,28,27,1.2857142857142858,5
2912,83.6923076923077,100.0,100.0,48,47,1.3541666666666667,5
2913,89.8360655737705,100.0,100.0,49,47,1.2448979591836735,10
2914,78.58585858585859,90.0,100.0,44,33,2.25,10
2915,73.0,100.0,100.0,42,40,1.6666666666666667,10
2916,80.35714285714286,100.0,100.0,40,39,1.4,5
2917,84.03225806451613,100.0,100.0,44,42,1.4090909090909092,10
2918,75.37037037037037,90.0,100.0,27,26,2.0,10
2920,68.44444444444444,100.0,100.0,25,25,1.8,10
2921,77.04918032786885,100.0,100.0,33,30,1.8484848484848484,10
2922,80.0,100.0,100.0,46,37,1.3478260869565217,10
2923,88.52941176470588,100.0,100.0,29,29,1.1724137931034482,10
2924,82.0,100.0,100.0,29,29,1.3793103448275863,10
2925,75.65217391304348,100.0,100.0,33,32,1.393939393939394,10
2926,96.13521739130435,100.0,100.0,42,42,1.0952380952380953,9
2927,89.04761904761905,100.0,100.0,37,36,1.135135135135135,5
2928,73.47826086956522,80.0,100.0,30,29,2.3,10
2929,91.62790697674419,100.0,100.0,34,33,1.2647058823529411,10
2930,88.7146551724138,100.0,100.0,49,49,1.183673469387755,11
2934,52.61194029850746,75.0,100.0,30,30,2.2333333333333334,4
2935,58.96103896103896,100.0,100.0,45,45,1.711111111111111,5
2936,56.94444444444444,50.0,100.0,39,37,3.6923076923076925,4
2937,92.0,100.0,100.0,47,46,1.1702127659574468,5
2938,69.01408450704226,100.0,100.0,46,46,1.5434782608695652,1
2939,40.0,0.0,0.0,39,39,3.1025641025641026,5
2940,35.38461538461539,20.0,0.0,23,22,2.8260869565217392,5
2941,53.29584615384615,85.71,0.0,45,44,2.888888888888889,7
2942,42.113821138211385,0.0,0.0,37,36,3.324324324324324,5
2944,58.048780487804876,100.0,100.0,45,45,1.8222222222222222,5
2945,56.1764705882353,75.0,100.0,39,39,2.1794871794871793,4
2946,61.666666666666664,100.0,100.0,35,35,1.7142857142857142,6
2947,89.62264150943396,100.0,100.0,42,41,1.2619047619047619,4
2948,58.35294117647059,100.0,100.0,50,47,1.7,5
2949,32.500125,0.0,0.0,46,44,3.4782608695652173,6
2950,46.417910447761194,60.0,0.0,33,31,4.0606060606060606,5
2951,42.13592233009709,20.0,0.0,36,35,2.861111111111111,5
2952,81.61016949152543,100.0,100.0,40,38,1.475,4
2953,43.85978947368421,50.0,50.0,37,26,2.5675675675675675,6
2954,55.0,50.0,100.0,29,26,3.103448275862069,4
2955,52.160555555555554,50.0,100.0,27,26,2.0,6
2956,55.98358974358975,66.67,100.0,20,20,1.95,6
2957,62.76365853658537,83.33,100.0,21,20,1.9523809523809523,5
2958,69.14285714285714,80.0,100.0,19,18,1.8421052631578947,5
2959,59.291592920353985,66.67,100.0,35,33,3.2285714285714286,6
2960,33.51851851851852,0.0,0.0,39,39,3.4615384615384617,4
2961,59.09121212121212,100.0,100.0,34,33,1.9411764705882353,6
2962,44.6875,30.0,0.0,33,31,3.878787878787879,5
2963,38.04347826086956,25.0,0.0,20,18,2.3,4
2964,55.24201612903226,66.67,100.0,28,27,4.428571428571429,3
2965,75.26887096774193,100.0,100.0,44,44,1.4090909090909092,3
2966,88.63636363636364,100.0,100.0,36,35,1.2222222222222223,2
2967,93.33333333333333,100.0,100.0,37,35,1.2162162162162162,4
2968,56.666666666666664,70.0,100.0,27,27,2.0,5
2969,42.105438596491226,28.57,0.0,23,21,2.4782608695652173,7
2970,55.737377049180324,66.67,100.0,29,28,2.103448275862069,3
2971,57.12328767123287,80.0,100.0,34,32,2.1470588235294117,4
2972,43.86206896551724,40.0,0.0,31,28,4.67741935483871,5
2973,77.7776923076923,100.0,100.0,32,29,1.21875,3
2974,64.74384615384615,100.0,100.0,18,18,1.4444444444444444,6
2975,75.0,100.0,100.0,38,38,1.4736842105263157,5
2976,68.67088607594937,100.0,100.0,46,45,1.7173913043478262,4
2977,73.95833333333333,100.0,100.0,49,48,1.469387755102041,4
2978,54.6031746031746,50.0,100.0,39,38,3.230769230769231,5
2979,80.37735849056604,100.0,100.0,39,39,1.358974358974359,5
2980,67.63157894736842,100.0,100.0,45,44,1.6888888888888889,5
2981,57.096774193548384,60.0,100.0,26,25,2.3846153846153846,5
2983,75.23809523809524,100.0,100.0,27,25,1.5555555555555556,5
2984,74.16666666666667,90.0,100.0,27,27,1.7777777777777777,5
2985,81.77966101694915,100.0,100.0,41,41,1.4390243902439024,4
2986,75.2,100.0,100.0,35,31,1.4285714285714286,5
2987,92.95774647887323,100.0,100.0,59,59,1.2033898305084745,5
2988,88.52941176470588,100.0,100.0,58,58,1.1724137931034482,5
2989,90.7936507936508,100.0,100.0,55,55,1.1454545454545455,5
2990,98.24561403508773,100.0,100.0,54,54,1.0555555555555556,5
2991,51.96078431372549,100.0,100.0,53,51,1.9245283018867925,5
