user_id,case_id,upload_id
3544,2172,268885
3544,2172,268889
3544,2172,268891
3544,2172,268892
3544,2176,234524
3544,2176,234528
3544,2176,235147
3544,2176,239384
3544,2307,283563
3544,2450,240848
3544,2450,240849
3544,2456,256169
3544,2456,256175
3544,2456,256176
3544,2456,256177
3544,2456,256178
3544,2804,239258
3544,2804,246142
3544,2908,236494
3544,2908,252563
3544,2908,252565
3544,2908,252576
3544,2908,252577
3544,2908,252578
48117,2061,255132
48117,2063,237181
48117,2064,237222
48117,2065,237307
48117,2065,237322
48117,2065,237324
48117,2067,237993
48117,2067,237995
48117,2067,237998
48117,2067,238000
48117,2068,238009
48117,2069,238012
48117,2069,238070
48117,2069,238144
48117,2070,238153
48117,2070,238169
48117,2070,238176
48117,2070,238180
48117,2070,238188
48117,2070,238197
48117,2070,238200
48117,2070,238202
48117,2080,305481
48117,2080,305484
48117,2080,305485
48117,2080,305487
48117,2080,305495
48117,2080,317579
48117,2080,317582
48117,2080,317585
48117,2080,317587
48117,2080,317590
48117,2081,249317
48117,2081,249318
48117,2081,249321
48117,2081,249325
48117,2081,249326
48117,2081,249346
48117,2084,317603
48117,2084,317605
48117,2084,317607
48117,2084,317612
48117,2084,317618
48117,2084,317623
48117,2084,317626
48117,2084,317630
48117,2084,317639
48117,2084,317645
48117,2084,317650
48117,2084,317651
48117,2084,317652
48117,2085,317656
48117,2085,317660
48117,2085,317662
48117,2085,317663
48117,2085,317667
48117,2085,317673
48117,2085,317677
48117,2085,317680
48117,2085,317684
48117,2085,317687
48117,2085,317691
48117,2085,317695
48117,2086,317702
48117,2086,317706
48117,2086,317709
48117,2086,317712
48117,2086,317714
48117,2087,317717
48117,2087,317718
48117,2087,317721
48117,2087,317724
48117,2087,317725
48117,2087,317728
48117,2087,317729
48117,2087,317731
48117,2087,317735
48117,2087,317737
48117,2087,317739
48117,2087,317742
48117,2087,317744
48117,2087,317746
48117,2087,317748
48117,2087,317752
48117,2087,317755
48117,2087,317757
48117,2087,317759
48117,2087,317763
48117,2087,317765
48117,2088,317771
48117,2088,317778
48117,2088,317784
48117,2088,317791
48117,2088,317802
48117,2088,317803
48117,2088,317814
48117,2088,317821
48117,2088,317825
48117,2088,317826
48117,2088,317830
48117,2088,317836
48117,2088,317840
48117,2088,317845
48117,2088,317851
48117,2088,317858
48117,2093,238808
48117,2094,238826
48117,2095,238938
48117,2096,238970
48117,2097,239107
48117,2097,239111
48117,2097,239121
48117,2097,239126
48117,2097,239129
48117,2097,239130
48117,2097,239135
48117,2097,239137
48117,2097,239138
48117,2097,239139
48117,2097,239140
48117,2097,239141
48117,2097,239152
48117,2097,239168
48117,2098,239264
48117,2098,239266
48117,2098,239268
48117,2098,239270
48117,2098,239272
48117,2098,239273
48117,2098,239274
48117,2098,239275
48117,2099,239308
48117,2099,239310
48117,2099,239313
48117,2099,239315
48117,2100,240574
48117,2105,240727
48117,2105,240737
48117,2106,241268
48117,2106,241299
48117,2106,241305
48117,2108,241338
48117,2109,241363
48117,2109,241365
48117,2110,241409
48117,2111,241434
48117,2111,241441
48117,2111,241444
48117,2111,241445
48117,2111,241456
48117,2113,241474
48117,2113,241475
48117,2114,241507
48117,2114,241511
48117,2114,241513
48117,2116,241831
48117,2116,241832
48117,2116,241833
48117,2116,241834
48117,2116,241835
48117,2116,241836
48117,2116,241838
48117,2117,241884
48117,2120,241910
48117,2121,241934
48117,2121,241935
48117,2121,241936
48117,2121,241951
48117,2121,241952
48117,2121,241953
48117,2121,241957
48117,2121,241958
48117,2122,242120
48117,2127,237006
48117,2134,237095
48117,2140,295380
48117,2140,295381
48117,2140,295382
48117,2140,295383
48117,2140,295388
48117,2140,295389
48117,2141,295396
48117,2141,295397
48117,2142,295416
48117,2142,295417
48117,2142,295422
48117,2142,295431
48117,2145,295455
48117,2152,270976
48117,2152,270977
48117,2152,270978
48117,2152,270979
48117,2152,270980
48117,2152,270984
48117,2152,270986
48117,2152,274808
48117,2152,274812
48117,2153,237135
48117,2153,237146
48117,2153,237154
48117,2153,237166
48117,2164,255090
48117,2164,255091
48117,2164,255097
48117,2164,255101
48117,2164,255107
48117,2169,295568
48117,2169,295570
48117,2169,295572
48117,2169,295573
48117,2169,297118
48117,2169,297119
48117,2169,297121
48117,2169,297122
48117,2169,297123
48117,2169,297124
48117,2171,297136
48117,2171,297140
48117,2171,297144
48117,2171,297146
48117,2171,297150
48117,2173,297159
48117,2176,255176
48117,2176,255301
48117,2176,255302
48117,2176,255304
48117,2176,255313
48117,2176,255316
48117,2176,255318
48117,2176,255319
48117,2176,255320
48117,2176,255327
48117,2176,255329
48117,2176,255333
48117,2176,257034
48117,2176,257044
48117,2177,251151
48117,2179,257060
48117,2180,251174
48117,2180,251177
48117,2180,255018
48117,2180,255019
48117,2180,255020
48117,2180,255029
48117,2180,255030
48117,2180,255053
48117,2180,255056
48117,2180,255059
48117,2180,255070
48117,2180,255078
48117,2180,255083
48117,2180,255084
48117,2180,259511
48117,2180,259516
48117,2180,259517
48117,2180,259519
48117,2180,259545
48117,2180,259547
48117,2180,259551
48117,2180,259560
48117,2180,259565
48117,2180,259568
48117,2180,259605
48117,2180,259606
48117,2181,274907
48117,2181,274909
48117,2181,274910
48117,2181,274911
48117,2181,274912
48117,2181,274913
48117,2181,274914
48117,2181,274915
48117,2181,274917
48117,2181,274921
48117,2182,274930
48117,2182,274940
48117,2182,274941
48117,2182,274944
48117,2182,274952
48117,2182,287568
48117,2182,287592
48117,2182,287692
48117,2183,287706
48117,2183,287716
48117,2184,287741
48117,2185,287775
48117,2186,289590
48117,2188,251436
48117,2188,251440
48117,2188,251455
48117,2188,251459
48117,2188,251468
48117,2188,252913
48117,2188,252918
48117,2188,252921
48117,2188,252936
48117,2188,252950
48117,2188,252959
48117,2188,252963
48117,2188,252984
48117,2188,253003
48117,2188,253022
48117,2188,253038
48117,2188,253043
48117,2190,253297
48117,2190,253300
48117,2190,253305
48117,2190,253308
48117,2190,253310
48117,2190,253313
48117,2190,253317
48117,2190,253319
48117,2190,253324
48117,2190,253334
48117,2190,253337
48117,2190,253338
48117,2190,253341
48117,2190,253342
48117,2190,253344
48117,2198,259721
48117,2198,259725
48117,2198,259742
48117,2198,259772
48117,2198,261355
48117,2198,261368
48117,2198,261370
48117,2198,261403
48117,2198,261406
48117,2198,261412
48117,2198,261414
48117,2198,261416
48117,2198,261418
48117,2198,261419
48117,2198,261420
48117,2198,261422
48117,2198,261424
48117,2198,261430
48117,2198,261431
48117,2198,261434
48117,2198,261436
48117,2198,261437
48117,2198,261440
48117,2198,261443
48117,2198,261444
48117,2198,261445
48117,2198,261446
48117,2198,261447
48117,2198,261448
48117,2198,261449
48117,2198,261453
48117,2198,261454
48117,2198,261455
48117,2198,261456
48117,2198,261457
48117,2198,261458
48117,2198,261460
48117,2198,261468
48117,2198,261473
48117,2199,261648
48117,2199,261653
48117,2199,261671
48117,2199,261674
48117,2199,261700
48117,2199,261702
48117,2199,261703
48117,2199,261706
48117,2199,261710
48117,2199,261717
48117,2199,261719
48117,2199,261722
48117,2199,261726
48117,2199,261728
48117,2199,261729
48117,2199,261732
48117,2199,261736
48117,2199,261739
48117,2199,261743
48117,2199,261744
48117,2199,261746
48117,2199,261747
48117,2199,261749
48117,2199,261750
48117,2199,261751
48117,2199,261753
48117,2199,261756
48117,2199,261760
48117,2199,261761
48117,2199,261762
48117,2199,261763
48117,2199,261764
48117,2199,261765
48117,2199,261769
48117,2199,261770
48117,2199,261771
48117,2199,261773
48117,2199,261776
48117,2199,261777
48117,2199,261778
48117,2199,261779
48117,2199,261780
48117,2199,261781
48117,2199,261782
48117,2199,261783
48117,2199,261784
48117,2199,261785
48117,2199,261787
48117,2199,261788
48117,2199,261789
48117,2200,261808
48117,2200,261812
48117,2200,261814
48117,2200,261815
48117,2200,261816
48117,2200,261820
48117,2200,261821
48117,2200,261822
48117,2200,261824
48117,2200,262813
48117,2200,262817
48117,2200,262843
48117,2200,262847
48117,2203,257101
48117,2203,257102
48117,2203,257105
48117,2203,257112
48117,2203,257115
48117,2203,257126
48117,2203,257128
48117,2203,257131
48117,2203,257136
48117,2203,257140
48117,2203,263625
48117,2209,263612
48117,2209,263613
48117,2209,263614
48117,2209,263617
48117,2209,263618
48117,2209,263620
48117,2209,263621
48117,2209,263622
48117,2209,263624
48117,2211,263858
48117,2211,263878
48117,2211,263965
48117,2211,264006
48117,2211,264031
48117,2211,264033
48117,2211,264037
48117,2211,264038
48117,2211,265368
48117,2211,265385
48117,2211,265401
48117,2211,265408
48117,2211,265411
48117,2211,265413
48117,2211,265416
48117,2211,265422
48117,2211,265423
48117,2211,265456
48117,2211,265458
48117,2211,265464
48117,2211,265472
48117,2211,265479
48117,2211,265493
48117,2211,265505
48117,2211,265508
48117,2212,289605
48117,2212,289610
48117,2252,269134
48117,2252,269148
48117,2252,269150
48117,2252,269161
48117,2252,269164
48117,2252,269194
48117,2252,269198
48117,2278,270803
48117,2278,270806
48117,2279,270807
48117,2279,270809
48117,2280,270812
48117,2280,270813
48117,2283,270815
48117,2307,234960
48117,2307,234961
48117,2307,234967
48117,2307,234969
48117,2338,265530
48117,2338,265532
48117,2338,265540
48117,2339,266574
48117,2339,266579
48117,2339,266585
48117,2339,266590
48117,2339,266607
48117,2339,266613
48117,2339,266621
48117,2339,266623
48117,2339,266628
48117,2339,266632
48117,2339,266650
48117,2339,266652
48117,2339,266655
48117,2339,266657
48117,2339,266688
48117,2339,266692
48117,2339,266695
48117,2339,266697
48117,2339,266699
48117,2339,266701
48117,2339,266720
48117,2339,266726
48117,2339,266728
48117,2339,266731
48117,2339,266736
48117,2339,266742
48117,2339,266747
48117,2339,266748
48117,2339,266753
48117,2339,266758
48117,2339,266761
48117,2339,266765
48117,2340,266833
48117,2341,267920
48117,2341,267922
48117,2341,267931
48117,2341,267934
48117,2341,267948
48117,2341,268004
48117,2342,266447
48117,2342,266457
48117,2342,266468
48117,2342,266484
48117,2342,266491
48117,2342,266495
48117,2342,266502
48117,2342,266505
48117,2342,266511
48117,2342,266512
48117,2342,266514
48117,2342,266517
48117,2342,266522
48117,2342,266527
48117,2342,266535
48117,2344,266781
48117,2344,266785
48117,2344,266787
48117,2344,266789
48117,2344,266791
48117,2344,266792
48117,2345,267850
48117,2345,267862
48117,2345,267869
48117,2345,267871
48117,2345,267873
48117,2345,267876
48117,2346,266908
48117,2346,266913
48117,2346,266914
48117,2346,266920
48117,2346,266926
48117,2346,266929
48117,2346,266932
48117,2346,266933
48117,2346,266935
48117,2346,266937
48117,2356,268114
48117,2356,268116
48117,2356,268176
48117,2356,268184
48117,2356,268296
48117,2356,268298
48117,2356,268341
48117,2356,268365
48117,2356,268368
48117,2356,268371
48117,2357,268392
48117,2357,268396
48117,2358,268413
48117,2358,268416
48117,2358,268420
48117,2358,268424
48117,2358,268436
48117,2358,268441
48117,2359,268489
48117,2371,268571
48117,2371,268574
48117,2371,268576
48117,2373,268623
48117,2373,268628
48117,2373,268642
48117,2373,269064
48117,2373,269065
48117,2373,269097
48117,2373,269104
48117,2373,269105
48117,2373,269117
48117,2386,269251
48117,2386,269255
48117,2386,269268
48117,2386,269271
48117,2387,270888
48117,2387,270891
48117,2387,270892
48117,2387,270895
48117,2388,269289
48117,2389,269320
48117,2389,269323
48117,2389,269325
48117,2389,269336
48117,2389,269337
48117,2389,269338
48117,2389,269342
48117,2389,269343
48117,2389,269345
48117,2392,269358
48117,2394,269403
48117,2394,269406
48117,2395,269410
48117,2395,269411
48117,2395,270398
48117,2395,270401
48117,2395,270407
48117,2395,270410
48117,2395,270416
48117,2395,270420
48117,2396,270936
48117,2396,270937
48117,2396,270938
48117,2396,270939
48117,2412,270859
48117,2412,270860
48117,2412,270861
48117,2412,270862
48117,2412,270863
48117,2412,270864
48117,2412,270865
48117,2412,270867
48117,2412,270868
48117,2412,270870
48117,2412,270871
48117,2412,270872
48117,2423,270817
48117,2424,270819
48117,2425,270828
48117,2425,270830
48117,2425,270835
48117,2426,270838
48117,2438,236973
48117,2440,270966
48117,2441,270968
48117,2442,236975
48117,2444,274814
48117,2444,274828
48117,2444,274830
48117,2445,245661
48117,2445,245673
48117,2445,245675
48117,2449,245716
48117,2449,245718
48117,2449,245719
48117,2449,245721
48117,2450,245750
48117,2450,245752
48117,2450,245753
48117,2450,245764
48117,2450,245771
48117,2450,245773
48117,2450,245774
48117,2450,245775
48117,2450,245776
48117,2450,245777
48117,2450,245780
48117,2450,245784
48117,2450,245786
48117,2450,245788
48117,2450,245790
48117,2450,245793
48117,2450,245794
48117,2450,245796
48117,2450,245797
48117,2451,245803
48117,2451,245810
48117,2451,245815
48117,2453,245824
48117,2454,245826
48117,2454,245827
48117,2454,245828
48117,2454,245830
48117,2461,245831
48117,2462,245841
48117,2462,245843
48117,2462,245845
48117,2462,245847
48117,2462,245851
48117,2462,245852
48117,2462,245854
48117,2462,245856
48117,2462,245857
48117,2462,245859
48117,2463,245885
48117,2463,245887
48117,2463,245890
48117,2464,245901
48117,2464,245902
48117,2464,245904
48117,2464,245909
48117,2464,245913
48117,2465,245950
48117,2465,245954
48117,2465,245956
48117,2465,245960
48117,2466,263721
48117,2466,263722
48117,2466,263729
48117,2466,263746
48117,2467,263801
48117,2467,263810
48117,2474,289616
48117,2474,289617
48117,2482,289697
48117,2482,289703
48117,2490,270911
48117,2494,268496
48117,2498,268548
48117,2505,242174
48117,2505,242178
48117,2505,242184
48117,2506,242237
48117,2506,242238
48117,2506,242239
48117,2506,242240
48117,2506,242241
48117,2506,242244
48117,2506,242247
48117,2506,242252
48117,2506,242253
48117,2506,242255
48117,2506,242257
48117,2506,242263
48117,2506,245350
48117,2506,245352
48117,2506,245353
48117,2506,245361
48117,2506,245367
48117,2506,245368
48117,2506,245369
48117,2506,245371
48117,2506,245372
48117,2506,245373
48117,2506,245374
48117,2514,245384
48117,2527,270515
48117,2527,270519
48117,2527,270522
48117,2527,270523
48117,2527,270532
48117,2527,270533
48117,2527,270534
48117,2527,270549
48117,2527,270556
48117,2527,270562
48117,2527,270577
48117,2527,270582
48117,2527,270585
48117,2527,270599
48117,2527,270600
48117,2527,270602
48117,2530,249350
48117,2530,249358
48117,2530,249435
48117,2530,249440
48117,2530,249444
48117,2530,249460
48117,2530,249462
48117,2531,249468
48117,2531,249473
48117,2534,270952
48117,2535,270964
48117,2537,245446
48117,2537,245447
48117,2537,245451
48117,2537,245452
48117,2537,245457
48117,2537,245458
48117,2537,245464
48117,2537,245465
48117,2537,245468
48117,2537,245469
48117,2542,245606
48117,2547,295478
48117,2548,295492
48117,2548,295496
48117,2548,295503
48117,2548,295505
48117,2548,295507
48117,2548,295510
48117,2548,295512
48117,2548,295522
48117,2548,295524
48117,2548,295531
48117,2548,295532
48117,2548,295533
48117,2548,295534
48117,2548,295536
48117,2548,295537
48117,2548,295538
48117,2548,295540
48117,2548,295541
48117,2548,295542
48117,2548,295543
48117,2548,295544
48117,2548,295545
48117,2548,295546
48117,2548,295547
48117,2548,295549
48117,2548,295551
48117,2548,295553
48117,2548,295555
48117,2558,297162
48117,2558,297164
48117,2558,297165
48117,2558,297168
48117,2561,274903
48117,2584,238227
48117,2589,289592
48117,2589,289593
48117,2607,289621
48117,2607,289623
48117,2607,289625
48117,2607,289640
48117,2607,289647
48117,2607,289648
48117,2607,289649
48117,2610,289668
48117,2610,289669
48117,2610,289673
48117,2610,289674
48117,2610,289676
48117,2610,289679
48117,2610,289684
48117,2610,289687
48117,2614,289714
48117,2614,289721
48117,2615,291701
48117,2615,291704
48117,2615,291705
48117,2615,291799
48117,2617,291819
48117,2617,291820
48117,2617,291825
48117,2617,291826
48117,2617,291828
48117,2618,291836
48117,2618,291837
48117,2618,291840
48117,2618,291841
48117,2629,291857
48117,2629,291858
48117,2629,291862
48117,2629,291869
48117,2629,291870
48117,2629,291876
48117,2629,291881
48117,2647,295229
48117,2701,236976
48117,2718,257212
48117,2718,257215
48117,2718,257217
48117,2718,257219
48117,2718,257221
48117,2718,257222
48117,2718,257230
48117,2718,257231
48117,2718,257253
48117,2718,259410
48117,2718,259418
48117,2718,259419
48117,2741,245970
48117,2741,245973
48117,2892,251294
48117,2892,251296
48117,2892,251304
48117,2892,251311
48117,2892,251312
48117,2892,251313
48117,2892,251314
48117,2892,251317
48117,2892,251323
48117,2892,251328
48117,2892,251338
48117,2892,251342
48117,2892,251343
48117,2892,251373
48117,2892,251389
48117,2894,253173
48117,2894,253180
48117,2894,253182
48117,2894,253184
48117,2908,248494
48117,2908,248505
48117,2908,248506
48117,2908,248508
48117,2908,248555
48117,2908,248567
48117,2908,249171
48117,2908,249173
48117,2908,249177
48117,2908,249179
48117,2908,249181
48117,2908,249182
48117,2908,249183
48117,2908,249186
48117,2908,249190
48117,2908,249193
48117,2908,249194
48117,2908,249195
48117,2908,249196
48117,2908,249202
48117,2908,249217
48117,2908,249222
48117,2908,249226
48117,2908,249229
48117,2908,249238
48117,2908,249245
48117,2908,249246
48117,2908,249247
48117,2908,249249
48117,2908,249251
48117,2908,249253
48117,2908,249271
48117,2908,249280
48117,2908,249281
48117,2908,249283
48117,2908,249285
48117,2908,249286
48117,2908,249288
48117,2908,249291
48117,2908,249292
48117,2908,249308
48117,2936,248351
48117,2936,248361
48117,2936,248364
48117,2936,248365
48117,2936,248366
48117,2936,248367
48117,2936,248380
48117,2936,248395
48117,2936,248398
48117,2936,248400
48117,2936,248403
48117,2936,248407
48117,2936,248427
48117,2936,248430
48117,2936,248433
48117,2936,248438
48117,2936,248441
48117,2936,248448
48117,2936,248449
48117,2936,248451
48117,2936,248469
48117,2936,248470
48117,2936,248472
48117,2936,253190
48117,2936,253192
48117,2936,253193
48117,2936,253196
48117,2936,253201
48117,2936,253224
48117,2936,253228
48117,2936,253229
49405,2061,235880
49405,2063,272902
49405,2063,272904
49405,2064,272913
49405,2064,272915
49405,2064,272916
49405,2064,272917
49405,2065,272920
49405,2065,272921
49405,2065,272922
49405,2065,272923
49405,2065,272924
49405,2065,272925
49405,2065,272926
49405,2065,272929
49405,2065,272930
49405,2065,272931
49405,2065,272932
49405,2065,272934
49405,2065,272935
49405,2065,272936
49405,2067,272944
49405,2067,272945
49405,2067,272946
49405,2068,272948
49405,2068,272949
49405,2068,272952
49405,2068,272953
49405,2069,272954
49405,2070,272955
49405,2070,272957
49405,2070,272958
49405,2070,272960
49405,2070,272962
49405,2070,272963
49405,2070,272965
49405,2070,272966
49405,2070,272967
49405,2070,272969
49405,2070,272970
49405,2070,272971
49405,2070,272972
49405,2070,272973
49405,2070,272974
49405,2070,272975
49405,2070,272976
49405,2070,272977
49405,2070,272978
49405,2070,272979
49405,2070,272980
49405,2070,272981
49405,2070,272982
49405,2070,272984
49405,2070,272986
49405,2070,272987
49405,2070,272988
49405,2070,272990
49405,2070,272991
49405,2070,272992
49405,2070,272994
49405,2070,272995
49405,2080,292094
49405,2081,255171
49405,2081,255173
49405,2084,293273
49405,2085,293658
49405,2086,293665
49405,2086,293666
49405,2087,293671
49405,2087,293682
49405,2087,293684
49405,2088,293699
49405,2088,293700
49405,2089,293701
49405,2090,293703
49405,2091,293704
49405,2093,273020
49405,2094,273022
49405,2095,273024
49405,2095,273025
49405,2095,273026
49405,2096,273027
49405,2097,273029
49405,2097,273030
49405,2098,273038
49405,2098,273039
49405,2098,273040
49405,2098,273043
49405,2098,273048
49405,2098,273049
49405,2098,273052
49405,2098,273053
49405,2098,273054
49405,2098,273055
49405,2098,273056
49405,2098,273057
49405,2098,273060
49405,2098,273061
49405,2098,273063
49405,2098,273064
49405,2098,273065
49405,2098,273066
49405,2098,273068
49405,2098,273070
49405,2098,273072
49405,2098,273073
49405,2098,273076
49405,2098,273077
49405,2098,273078
49405,2098,273079
49405,2099,273085
49405,2100,273087
49405,2103,293714
49405,2104,293723
49405,2105,273097
49405,2105,273098
49405,2106,273100
49405,2108,273103
49405,2109,273110
49405,2110,273116
49405,2111,273124
49405,2111,273125
49405,2111,273129
49405,2111,273132
49405,2113,273757
49405,2113,273758
49405,2113,273759
49405,2113,273760
49405,2113,273763
49405,2113,273764
49405,2113,273765
49405,2113,273767
49405,2113,273769
49405,2113,273770
49405,2113,273776
49405,2113,273777
49405,2113,273778
49405,2114,273782
49405,2114,273785
49405,2114,273788
49405,2115,292013
49405,2116,273793
49405,2116,273794
49405,2117,273795
49405,2119,273797
49405,2119,273800
49405,2119,273801
49405,2119,273802
49405,2119,273803
49405,2119,273805
49405,2120,273811
49405,2120,273812
49405,2120,273813
49405,2120,273816
49405,2121,273824
49405,2121,273830
49405,2121,273831
49405,2121,273833
49405,2121,273843
49405,2121,273844
49405,2121,273847
49405,2122,273855
49405,2122,273858
49405,2124,293707
49405,2126,273871
49405,2126,273872
49405,2126,273873
49405,2127,267708
49405,2134,272878
49405,2139,293727
49405,2140,264713
49405,2141,264729
49405,2141,264731
49405,2142,264744
49405,2142,264745
49405,2142,264748
49405,2145,264769
49405,2145,264773
49405,2149,298678
49405,2151,298681
49405,2152,267681
49405,2152,267684
49405,2153,272881
49405,2153,272884
49405,2153,272887
49405,2153,272888
49405,2153,272890
49405,2164,256682
49405,2167,298711
49405,2168,298716
49405,2169,264826
49405,2169,264829
49405,2169,264830
49405,2169,264831
49405,2169,264833
49405,2171,264844
49405,2171,264845
49405,2171,264847
49405,2172,264851
49405,2172,264864
49405,2172,264865
49405,2172,264866
49405,2172,264867
49405,2172,264871
49405,2172,264872
49405,2172,264874
49405,2172,264877
49405,2173,264882
49405,2173,264883
49405,2173,264885
49405,2174,291884
49405,2174,291888
49405,2174,291898
49405,2176,235756
49405,2176,235758
49405,2176,235759
49405,2177,255296
49405,2178,255340
49405,2178,255341
49405,2179,235842
49405,2180,255515
49405,2181,257362
49405,2181,257363
49405,2181,257365
49405,2181,257366
49405,2181,257372
49405,2181,257374
49405,2182,257380
49405,2183,257386
49405,2183,257387
49405,2183,257389
49405,2183,257390
49405,2183,257391
49405,2184,257393
49405,2184,257394
49405,2185,257401
49405,2185,257402
49405,2186,257405
49405,2186,257406
49405,2186,257407
49405,2188,255707
49405,2190,256672
49405,2190,256676
49405,2193,235980
49405,2193,235992
49405,2196,256924
49405,2196,256985
49405,2198,257009
49405,2199,257316
49405,2199,257317
49405,2200,257322
49405,2200,257323
49405,2200,257326
49405,2200,257335
49405,2203,236049
49405,2203,236147
49405,2203,236177
49405,2203,236183
49405,2203,236184
49405,2203,236188
49405,2203,236192
49405,2203,236199
49405,2203,236200
49405,2203,236201
49405,2203,236203
49405,2203,236206
49405,2209,246972
49405,2209,247581
49405,2209,247860
49405,2209,247867
49405,2211,248172
49405,2212,258574
49405,2212,258575
49405,2236,298624
49405,2237,298626
49405,2237,298627
49405,2252,250963
49405,2252,250964
49405,2253,298648
49405,2266,298676
49405,2273,298677
49405,2278,253239
49405,2279,253260
49405,2280,253276
49405,2283,253286
49405,2283,253290
49405,2286,298682
49405,2286,298683
49405,2286,298684
49405,2286,298685
49405,2288,298687
49405,2288,298688
49405,2289,298690
49405,2291,298705
49405,2295,298596
49405,2295,298597
49405,2295,298600
49405,2296,298605
49405,2296,298606
49405,2296,298607
49405,2296,298608
49405,2296,298609
49405,2296,298616
49405,2296,298617
49405,2296,298618
49405,2299,298721
49405,2300,298739
49405,2300,298743
49405,2301,298754
49405,2304,292093
49405,2304,298573
49405,2304,298574
49405,2307,235778
49405,2308,298575
49405,2308,298576
49405,2308,298577
49405,2311,298584
49405,2311,298585
49405,2311,298586
49405,2311,298587
49405,2311,298588
49405,2312,298591
49405,2312,298592
49405,2312,298593
49405,2315,298595
49405,2338,248185
49405,2338,248197
49405,2339,248219
49405,2340,248259
49405,2341,248390
49405,2342,248212
49405,2344,248233
49405,2345,248350
49405,2346,248330
49405,2356,248410
49405,2357,248426
49405,2358,248440
49405,2359,248454
49405,2371,248489
49405,2373,248500
49405,2373,248501
49405,2378,298631
49405,2378,298632
49405,2378,298634
49405,2378,298635
49405,2378,298637
49405,2378,298639
49405,2378,298640
49405,2378,298642
49405,2378,298644
49405,2383,298654
49405,2383,298658
49405,2386,250965
49405,2386,250967
49405,2386,250968
49405,2386,250969
49405,2386,250970
49405,2386,250971
49405,2386,250972
49405,2386,250973
49405,2386,250974
49405,2386,250975
49405,2386,250976
49405,2386,250977
49405,2386,250978
49405,2386,250979
49405,2386,250980
49405,2386,250981
49405,2386,250983
49405,2386,250984
49405,2386,250985
49405,2386,250986
49405,2386,250987
49405,2386,250988
49405,2386,250989
49405,2386,250990
49405,2386,250991
49405,2386,250992
49405,2386,250993
49405,2387,267574
49405,2388,250995
49405,2389,251002
49405,2390,267578
49405,2390,267595
49405,2392,251004
49405,2394,251007
49405,2394,251008
49405,2395,251011
49405,2395,251012
49405,2396,267640
49405,2396,267644
49405,2396,267645
49405,2396,267647
49405,2396,267649
49405,2397,287245
49405,2397,287264
49405,2406,298680
49405,2412,267562
49405,2415,298686
49405,2423,253354
49405,2423,253355
49405,2423,253358
49405,2423,253360
49405,2423,253362
49405,2423,253363
49405,2423,253364
49405,2423,253366
49405,2423,253368
49405,2424,253374
49405,2425,253382
49405,2425,253384
49405,2425,253386
49405,2425,253389
49405,2425,253392
49405,2426,253400
49405,2438,235851
49405,2439,298582
49405,2440,267665
49405,2440,267668
49405,2440,267670
49405,2441,267673
49405,2442,235868
49405,2442,235871
49405,2444,267698
49405,2445,291901
49405,2445,291908
49405,2445,291910
49405,2445,291913
49405,2445,291919
49405,2445,291921
49405,2449,291929
49405,2449,291931
49405,2449,291934
49405,2450,291942
49405,2450,291946
49405,2450,291947
49405,2451,291956
49405,2451,291959
49405,2451,291961
49405,2451,291964
49405,2451,291965
49405,2451,291967
49405,2451,291968
49405,2453,291970
49405,2454,291975
49405,2461,291976
49405,2462,291979
49405,2462,291981
49405,2463,291983
49405,2463,291985
49405,2463,291986
49405,2463,291987
49405,2464,291992
49405,2465,291994
49405,2465,292000
49405,2465,292001
49405,2465,292003
49405,2465,292004
49405,2465,292005
49405,2465,292006
49405,2465,292008
49405,2466,247646
49405,2467,248121
49405,2474,258588
49405,2474,258590
49405,2474,258591
49405,2474,258592
49405,2474,258594
49405,2474,258595
49405,2482,264368
49405,2482,264408
49405,2490,267610
49405,2494,248458
49405,2498,248465
49405,2505,287178
49405,2506,287182
49405,2506,287184
49405,2506,287187
49405,2506,287189
49405,2506,287191
49405,2506,287201
49405,2514,287220
49405,2514,287221
49405,2514,287222
49405,2514,287225
49405,2514,287235
49405,2514,287236
49405,2514,287239
49405,2527,253157
49405,2527,253162
49405,2527,253169
49405,2530,255187
49405,2531,255189
49405,2534,267656
49405,2535,267662
49405,2537,287267
49405,2537,287269
49405,2537,287271
49405,2537,287273
49405,2537,287274
49405,2542,291838
49405,2542,291839
49405,2547,264788
49405,2547,264789
49405,2547,264790
49405,2547,264797
49405,2548,264802
49405,2548,264804
49405,2558,264893
49405,2558,264902
49405,2558,264903
49405,2561,257340
49405,2561,257341
49405,2561,257343
49405,2584,272999
49405,2589,257411
49405,2592,257451
49405,2592,257458
49405,2592,257459
49405,2592,257460
49405,2592,257467
49405,2592,257469
49405,2592,257471
49405,2607,264354
49405,2610,264365
49405,2614,264417
49405,2615,264460
49405,2615,264469
49405,2617,264480
49405,2618,264560
49405,2629,264592
49405,2629,264593
49405,2629,264594
49405,2629,264595
49405,2629,264596
49405,2629,264597
49405,2629,264598
49405,2629,264600
49405,2629,264602
49405,2629,264607
49405,2629,264608
49405,2629,264609
49405,2629,264611
49405,2647,264641
49405,2701,235931
49405,2718,236218
49405,2718,236219
49405,2718,236245
49405,2741,292009
49405,2892,255551
49405,2894,256630
49405,2908,255159
49405,2908,255160
49405,2908,255162
49405,2908,255164
49405,2908,255165
49405,2908,255166
49405,2936,253421
49405,2936,253423
49405,2936,253425
49405,2936,253426
51584,2061,273023
51584,2190,266215
51584,2309,233286
51584,2309,233287
51584,2309,233288
51584,2309,233289
51584,2309,233445
51584,2505,269275
51584,2584,233443
51584,2584,233444
60581,2061,240220
60581,2063,238546
60581,2064,238568
60581,2064,238583
60581,2065,238619
60581,2065,238625
60581,2065,238639
60581,2067,238662
60581,2067,238664
60581,2067,238667
60581,2067,238669
60581,2068,238704
60581,2069,238721
60581,2070,238753
60581,2070,238792
60581,2070,238807
60581,2080,234620
60581,2080,234622
60581,2081,250262
60581,2081,250265
60581,2086,283909
60581,2086,283916
60581,2087,284050
60581,2089,285571
60581,2090,288413
60581,2091,288507
60581,2091,289638
60581,2093,238915
60581,2094,238926
60581,2094,238928
60581,2094,239333
60581,2094,239336
60581,2094,240210
60581,2095,240203
60581,2095,240265
60581,2096,240270
60581,2096,240272
60581,2096,240274
60581,2096,240275
60581,2097,240298
60581,2097,240299
60581,2097,240309
60581,2097,240312
60581,2097,240331
60581,2097,240332
60581,2098,242683
60581,2098,242684
60581,2099,242749
60581,2100,242759
60581,2100,242850
60581,2103,293633
60581,2105,242981
60581,2106,242980
60581,2108,242979
60581,2109,243014
60581,2110,243028
60581,2111,243041
60581,2111,243043
60581,2111,243045
60581,2113,243101
60581,2113,243112
60581,2114,243318
60581,2115,249736
60581,2115,249753
60581,2115,250014
60581,2115,250020
60581,2115,250029
60581,2115,252223
60581,2116,243732
60581,2117,243754
60581,2119,243785
60581,2120,243802
60581,2120,243825
60581,2120,243828
60581,2120,243832
60581,2120,243845
60581,2121,243866
60581,2121,243911
60581,2122,243939
60581,2124,289659
60581,2126,244012
60581,2127,237828
60581,2127,239332
60581,2127,239341
60581,2134,237905
60581,2139,296948
60581,2140,256511
60581,2140,256513
60581,2140,256514
60581,2141,256564
60581,2141,256565
60581,2142,256582
60581,2145,256589
60581,2149,276424
60581,2151,276441
60581,2151,276445
60581,2152,260761
60581,2152,260769
60581,2153,238524
60581,2153,238542
60581,2164,252001
60581,2164,252004
60581,2167,280368
60581,2168,282065
60581,2168,310235
60581,2169,258152
60581,2171,258171
60581,2171,258173
60581,2172,258626
60581,2172,258652
60581,2173,258383
60581,2176,237846
60581,2176,237848
60581,2178,252156
60581,2179,252182
60581,2180,250704
60581,2181,253099
60581,2182,253047
60581,2183,253087
60581,2184,253119
60581,2184,253122
60581,2184,253153
60581,2185,253223
60581,2186,253736
60581,2186,253737
60581,2188,251585
60581,2190,251950
60581,2190,251970
60581,2193,252172
60581,2196,252055
60581,2196,252058
60581,2198,252145
60581,2199,252446
60581,2200,252491
60581,2200,252552
60581,2200,252590
60581,2200,252605
60581,2200,252658
60581,2200,252662
60581,2203,252201
60581,2209,236289
60581,2209,236292
60581,2209,236293
60581,2209,236294
60581,2209,261707
60581,2211,245641
60581,2211,245642
60581,2211,245687
60581,2211,245708
60581,2212,254013
60581,2236,268703
60581,2236,268715
60581,2237,269057
60581,2252,247593
60581,2253,269443
60581,2266,272509
60581,2266,272510
60581,2278,247882
60581,2278,247886
60581,2279,248098
60581,2279,248107
60581,2279,248109
60581,2280,248115
60581,2280,248118
60581,2283,248125
60581,2283,248132
60581,2286,277253
60581,2288,277371
60581,2289,277792
60581,2289,278006
60581,2291,278057
60581,2295,268277
60581,2295,268315
60581,2296,268565
60581,2296,268566
60581,2296,268624
60581,2300,282129
60581,2300,282295
60581,2301,283156
60581,2304,267545
60581,2307,234662
60581,2307,234664
60581,2308,267701
60581,2311,267805
60581,2312,267856
60581,2315,268236
60581,2338,245760
60581,2338,245768
60581,2338,245770
60581,2338,245772
60581,2338,245783
60581,2339,245836
60581,2339,245838
60581,2340,246410
60581,2340,246412
60581,2340,246422
60581,2341,246740
60581,2341,246749
60581,2341,246756
60581,2342,245798
60581,2342,245812
60581,2342,245819
60581,2342,245823
60581,2342,246198
60581,2342,246201
60581,2344,246330
60581,2344,246336
60581,2344,246338
60581,2344,246339
60581,2344,246344
60581,2344,246346
60581,2344,246347
60581,2345,246723
60581,2345,246724
60581,2346,246711
60581,2356,247008
60581,2356,247024
60581,2356,247033
60581,2356,247035
60581,2356,247037
60581,2356,247039
60581,2356,247040
60581,2356,247041
60581,2356,247046
60581,2356,247049
60581,2356,247050
60581,2356,247051
60581,2357,247070
60581,2358,247078
60581,2358,247081
60581,2359,247232
60581,2359,247238
60581,2359,247239
60581,2359,247240
60581,2359,247247
60581,2359,247251
60581,2359,247275
60581,2359,247277
60581,2371,247348
60581,2371,247349
60581,2373,247496
60581,2378,269280
60581,2383,269524
60581,2386,247631
60581,2386,247634
60581,2386,247639
60581,2386,247655
60581,2387,259277
60581,2388,247667
60581,2389,247689
60581,2389,247693
60581,2389,247694
60581,2389,247698
60581,2389,247702
60581,2390,259368
60581,2392,247711
60581,2394,247718
60581,2394,247719
60581,2395,247741
60581,2395,247746
60581,2396,259660
60581,2397,310264
60581,2406,274667
60581,2406,274668
60581,2412,259269
60581,2415,277262
60581,2423,248140
60581,2424,248151
60581,2425,248158
60581,2425,248159
60581,2425,248162
60581,2425,248168
60581,2426,248179
60581,2438,234720
60581,2438,234722
60581,2438,234724
60581,2439,267734
60581,2440,260751
60581,2441,260755
60581,2442,234859
60581,2442,234860
60581,2442,234861
60581,2442,234862
60581,2442,234863
60581,2444,260826
60581,2445,248199
60581,2445,248200
60581,2449,248210
60581,2450,248227
60581,2451,248256
60581,2451,248263
60581,2453,248266
60581,2453,248272
60581,2453,248275
60581,2454,248282
60581,2454,248283
60581,2461,248294
60581,2462,248309
60581,2462,248313
60581,2462,248316
60581,2462,248318
60581,2462,248319
60581,2462,248323
60581,2462,248325
60581,2462,248329
60581,2463,248346
60581,2463,248349
60581,2463,248354
60581,2464,248374
60581,2464,248378
60581,2465,248402
60581,2465,248408
60581,2466,240435
60581,2466,240438
60581,2467,240468
60581,2474,254106
60581,2474,254164
60581,2482,254489
60581,2482,254598
60581,2490,259556
60581,2494,247299
60581,2498,247313
60581,2505,244033
60581,2506,244812
60581,2506,244872
60581,2506,244879
60581,2506,244880
60581,2506,244960
60581,2506,244968
60581,2506,244971
60581,2514,245002
60581,2514,245003
60581,2527,247828
60581,2527,247830
60581,2530,250296
60581,2530,250324
60581,2530,250327
60581,2531,250341
60581,2531,250346
60581,2534,259676
60581,2534,259683
60581,2535,260710
60581,2535,260745
60581,2537,245015
60581,2537,245123
60581,2542,245047
60581,2547,256632
60581,2547,256633
60581,2548,256659
60581,2548,256668
60581,2548,256669
60581,2558,258848
60581,2561,252847
60581,2561,252881
60581,2584,238815
60581,2589,253784
60581,2592,258783
60581,2607,254196
60581,2610,254362
60581,2610,254395
60581,2610,254400
60581,2610,254459
60581,2614,254697
60581,2615,255131
60581,2617,256080
60581,2618,256089
60581,2629,256109
60581,2647,256399
60581,2701,235760
60581,2701,235761
60581,2718,235876
60581,2718,235878
60581,2718,235881
60581,2718,235894
60581,2718,235902
60581,2718,235905
60581,2718,235911
60581,2741,249562
60581,2741,249564
60581,2741,249585
60581,2741,249595
60581,2741,249602
60581,2892,251460
60581,2892,251465
60581,2892,251467
60581,2894,251531
60581,2894,251540
60581,2908,250185
60581,2908,250186
60581,2936,250130
60581,2936,250132
60581,2936,250134
60581,2936,250135
60581,2936,250136
60581,2936,250138
60581,2936,250141
60581,2936,250142
60581,2936,250145
60581,2936,250156
60581,2936,250161
60587,2061,251127
60587,2063,238274
60587,2064,257454
60587,2065,294253
60587,2065,294254
60587,2067,257557
60587,2069,238467
60587,2070,238484
60587,2080,290489
60587,2081,248730
60587,2081,248736
60587,2084,313712
60587,2085,313739
60587,2086,313772
60587,2093,294271
60587,2093,294272
60587,2094,238578
60587,2095,238640
60587,2096,238655
60587,2097,238735
60587,2097,238766
60587,2098,239029
60587,2099,239037
60587,2100,239075
60587,2104,315658
60587,2104,315663
60587,2105,294276
60587,2106,294279
60587,2108,239136
60587,2109,240088
60587,2109,240094
60587,2110,241129
60587,2111,241161
60587,2113,294283
60587,2113,298855
60587,2113,298857
60587,2114,294286
60587,2116,294293
60587,2117,241233
60587,2119,294312
60587,2120,294319
60587,2121,241213
60587,2122,294327
60587,2126,294333
60587,2127,238269
60587,2134,257403
60587,2140,310907
60587,2141,292063
60587,2142,310992
60587,2145,311002
60587,2152,286009
60587,2152,286050
60587,2153,238237
60587,2171,311932
60587,2172,312074
60587,2172,312124
60587,2172,312130
60587,2172,312155
60587,2173,292070
60587,2176,309318
60587,2177,312802
60587,2177,312805
60587,2177,313153
60587,2177,313162
60587,2177,319490
60587,2178,319461
60587,2178,319463
60587,2179,271521
60587,2179,271532
60587,2180,315050
60587,2180,315100
60587,2180,315107
60587,2180,321736
60587,2181,290559
60587,2182,309602
60587,2183,290641
60587,2184,290643
60587,2185,290665
60587,2185,290669
60587,2185,290674
60587,2185,290791
60587,2185,291803
60587,2186,291811
60587,2188,321745
60587,2190,321756
60587,2193,309328
60587,2196,321770
60587,2199,321778
60587,2200,313525
60587,2200,315085
60587,2203,273128
60587,2209,309368
60587,2211,309372
60587,2212,291842
60587,2236,317515
60587,2236,317531
60587,2236,317540
60587,2236,317543
60587,2236,317589
60587,2236,317599
60587,2237,317654
60587,2237,317666
60587,2252,309585
60587,2253,317871
60587,2253,317886
60587,2253,317892
60587,2266,317997
60587,2266,318014
60587,2278,283281
60587,2279,284618
60587,2279,284621
60587,2280,284632
60587,2283,284634
60587,2283,284635
60587,2291,319221
60587,2291,319283
60587,2291,319309
60587,2307,271305
60587,2308,319132
60587,2312,317060
60587,2338,271854
60587,2339,280087
60587,2339,280089
60587,2340,309375
60587,2340,309381
60587,2341,271928
60587,2342,280046
60587,2342,280047
60587,2344,309374
60587,2344,309385
60587,2345,309542
60587,2345,309550
60587,2346,309479
60587,2356,273118
60587,2357,283089
60587,2358,283079
60587,2358,283080
60587,2358,283081
60587,2359,283091
60587,2359,283093
60587,2371,283140
60587,2371,283145
60587,2373,309553
60587,2383,317933
60587,2383,317956
60587,2383,317966
60587,2383,317992
60587,2386,283176
60587,2386,283180
60587,2386,283193
60587,2387,286320
60587,2387,286326
60587,2387,286330
60587,2387,290486
60587,2387,290487
60587,2387,290488
60587,2388,283211
60587,2389,283215
60587,2389,283217
60587,2392,283245
60587,2392,283247
60587,2394,283230
60587,2395,283259
60587,2395,283263
60587,2396,312292
60587,2396,312317
60587,2396,312332
60587,2406,318907
60587,2406,318990
60587,2412,312200
60587,2412,312241
60587,2423,284644
60587,2424,284655
60587,2425,284665
60587,2426,284666
60587,2438,250927
60587,2440,286075
60587,2441,286072
60587,2442,251126
60587,2445,246318
60587,2449,284671
60587,2450,284678
60587,2450,284679
60587,2451,250911
60587,2453,294403
60587,2454,248988
60587,2461,248997
60587,2462,248964
60587,2463,250819
60587,2463,250824
60587,2463,250840
60587,2464,248931
60587,2465,294409
60587,2466,279997
60587,2467,271803
60587,2474,309610
60587,2482,292019
60587,2482,292033
60587,2490,286159
60587,2494,255201
60587,2498,283124
60587,2498,283125
60587,2498,283126
60587,2505,241351
60587,2506,245922
60587,2506,245932
60587,2527,309593
60587,2530,248847
60587,2530,248878
60587,2530,248879
60587,2530,248880
60587,2531,246434
60587,2534,286092
60587,2535,294413
60587,2537,246116
60587,2537,246160
60587,2542,246252
60587,2547,311058
60587,2558,312179
60587,2561,290530
60587,2584,238494
60587,2589,291829
60587,2592,309603
60587,2592,309607
60587,2607,309663
60587,2610,310808
60587,2610,310809
60587,2614,292043
60587,2615,310826
60587,2617,310836
60587,2618,310843
60587,2618,310845
60587,2629,310849
60587,2629,310865
60587,2629,310866
60587,2629,310867
60587,2647,310896
60587,2701,294357
60587,2718,309363
60587,2718,309367
60587,2741,250868
60587,2892,315495
60587,2892,319465
60587,2894,299649
60587,2894,299660
60587,2894,299661
60587,2894,319475
60587,2908,300620
60587,2908,300622
60587,2908,300624
60587,2908,300626
60587,2908,313202
60587,2908,313214
60587,2936,299697
60587,2936,299700
60587,2936,299702
60587,2936,299703
60587,2936,319456
60604,2061,245756
60604,2061,245757
60604,2063,235748
60604,2064,235798
60604,2065,235913
60604,2067,235946
60604,2068,235977
60604,2069,235997
60604,2070,236021
60604,2080,235566
60604,2081,239097
60604,2081,239098
60604,2093,237946
60604,2094,237953
60604,2094,237975
60604,2094,237989
60604,2094,237991
60604,2094,237999
60604,2095,238010
60604,2096,238014
60604,2097,238021
60604,2097,238027
60604,2097,238037
60604,2098,238057
60604,2099,238067
60604,2100,238078
60604,2103,272290
60604,2103,272295
60604,2103,272298
60604,2103,272303
60604,2103,272320
60604,2103,272333
60604,2103,272337
60604,2103,272354
60604,2103,272359
60604,2103,272360
60604,2103,272401
60604,2103,272402
60604,2103,272411
60604,2103,272421
60604,2105,238105
60604,2106,265587
60604,2108,238146
60604,2109,238155
60604,2110,238166
60604,2111,238178
60604,2113,259367
60604,2113,259385
60604,2114,259436
60604,2115,244804
60604,2115,245490
60604,2116,259455
60604,2117,259473
60604,2119,259504
60604,2121,259622
60604,2122,259653
60604,2126,259679
60604,2127,235654
60604,2134,235704
60604,2141,250904
60604,2142,250910
60604,2145,250925
60604,2153,235722
60604,2164,241861
60604,2169,261173
60604,2171,261183
60604,2173,261188
60604,2174,243656
60604,2174,244379
60604,2176,233625
60604,2176,271942
60604,2178,239923
60604,2179,271953
60604,2180,239978
60604,2180,241638
60604,2180,267450
60604,2181,246979
60604,2182,247066
60604,2183,248224
60604,2184,248265
60604,2185,248336
60604,2186,248344
60604,2188,266016
60604,2188,266022
60604,2190,241727
60604,2190,241850
60604,2193,272015
60604,2196,266025
60604,2196,266030
60604,2196,266040
60604,2196,266042
60604,2198,266047
60604,2198,267375
60604,2198,267438
60604,2199,241994
60604,2200,242639
60604,2200,242657
60604,2203,271994
60604,2203,271995
60604,2211,255378
60604,2212,248420
60604,2236,269360
60604,2237,269379
60604,2252,257125
60604,2253,270393
60604,2253,270427
60604,2253,270443
60604,2278,258959
60604,2279,259002
60604,2280,259006
60604,2283,259011
60604,2295,269124
60604,2295,269126
60604,2295,269127
60604,2295,269128
60604,2295,269167
60604,2295,269172
60604,2295,269182
60604,2296,269183
60604,2296,269189
60604,2296,269244
60604,2296,269279
60604,2304,259078
60604,2304,261727
60604,2304,261741
60604,2307,233650
60604,2307,233652
60604,2307,233653
60604,2308,261755
60604,2308,261774
60604,2308,261792
60604,2311,261833
60604,2315,269063
60604,2315,269072
60604,2315,269094
60604,2315,269107
60604,2315,269115
60604,2338,255384
60604,2339,255893
60604,2340,256409
60604,2341,256570
60604,2342,255878
60604,2344,255899
60604,2345,256553
60604,2346,256540
60604,2356,256596
60604,2357,257053
60604,2358,257054
60604,2359,257085
60604,2371,257108
60604,2373,257121
60604,2387,245527
60604,2388,257251
60604,2389,257255
60604,2392,257256
60604,2394,258865
60604,2395,258898
60604,2396,245596
60604,2423,259018
60604,2424,259030
60604,2425,259042
60604,2426,259049
60604,2438,233662
60604,2439,268291
60604,2439,268300
60604,2439,268304
60604,2439,268322
60604,2439,268338
60604,2439,268460
60604,2439,268531
60604,2439,268534
60604,2440,245653
60604,2441,245656
60604,2442,233671
60604,2444,265736
60604,2445,244392
60604,2449,244438
60604,2450,244469
60604,2451,244473
60604,2453,244483
60604,2454,244493
60604,2461,244495
60604,2462,244511
60604,2463,244524
60604,2465,244659
60604,2466,255330
60604,2467,255361
60604,2474,248455
60604,2482,248576
60604,2490,245561
60604,2494,257088
60604,2498,257093
60604,2505,242673
60604,2514,242862
60604,2527,258938
60604,2530,239172
60604,2531,239874
60604,2534,245612
60604,2537,243545
60604,2542,243553
60604,2547,261106
60604,2548,261144
60604,2558,261202
60604,2558,267812
60604,2558,267840
60604,2558,267841
60604,2561,246971
60604,2584,237890
60604,2589,248355
60604,2607,248524
60604,2607,267552
60604,2610,267613
60604,2614,248587
60604,2618,261213
60604,2629,250841
60604,2629,250883
60604,2629,267718
60604,2647,267733
60604,2701,246832
60604,2718,272070
60604,2741,244692
60604,2892,240033
60604,2894,240100
60604,2908,239087
60604,2936,238935
60604,2936,238964
60604,2936,238998
60606,2061,288382
60606,2063,274971
60606,2064,274987
60606,2067,275920
60606,2068,275985
60606,2069,275987
60606,2070,275990
60606,2080,291918
60606,2081,254634
60606,2084,308084
60606,2087,307657
60606,2088,305853
60606,2089,305877
60606,2090,307672
60606,2091,306413
60606,2093,278717
60606,2095,276946
60606,2096,276953
60606,2097,276956
60606,2099,277069
60606,2100,277122
60606,2103,307694
60606,2104,307704
60606,2106,279943
60606,2108,277127
60606,2109,278207
60606,2110,278217
60606,2111,278407
60606,2113,278904
60606,2114,279036
60606,2115,306883
60606,2117,279530
60606,2119,279608
60606,2120,279630
60606,2121,278716
60606,2124,306484
60606,2124,307855
60606,2126,279953
60606,2127,274792
60606,2134,274962
60606,2139,307712
60606,2140,290100
60606,2141,273423
60606,2142,273454
60606,2149,307160
60606,2151,307300
60606,2152,284189
60606,2153,274969
60606,2164,306710
60606,2167,307557
60606,2171,290401
60606,2173,274422
60606,2174,306868
60606,2177,306775
60606,2178,256903
60606,2179,234275
60606,2180,306743
60606,2181,266028
60606,2183,269476
60606,2184,267892
60606,2185,269368
60606,2186,269493
60606,2188,257536
60606,2190,258600
60606,2193,237723
60606,2196,306490
60606,2198,306704
60606,2199,306699
60606,2200,259196
60606,2203,306488
60606,2209,288717
60606,2209,288729
60606,2211,239863
60606,2212,269836
60606,2236,287078
60606,2237,287101
60606,2252,249352
60606,2253,306983
60606,2266,306998
60606,2273,307030
60606,2278,288702
60606,2279,251473
60606,2280,250924
60606,2283,250916
60606,2286,296669
60606,2289,307939
60606,2301,307566
60606,2307,234140
60606,2338,240827
60606,2339,241120
60606,2340,241765
60606,2341,242944
60606,2342,240847
60606,2344,241180
60606,2345,242938
60606,2346,242064
60606,2356,242945
60606,2357,243393
60606,2358,243399
60606,2359,243411
60606,2371,248371
60606,2373,248377
60606,2383,306992
60606,2386,249353
60606,2387,281666
60606,2388,249366
60606,2389,249385
60606,2390,291376
60606,2392,249413
60606,2394,249508
60606,2395,249517
60606,2396,284527
60606,2397,306487
60606,2406,307204
60606,2412,295046
60606,2412,295047
60606,2412,306778
60606,2415,307312
60606,2415,307313
60606,2423,251704
60606,2424,252702
60606,2425,252958
60606,2426,252988
60606,2438,235471
60606,2440,283463
60606,2441,283462
60606,2442,235500
60606,2444,283689
60606,2445,260237
60606,2449,283695
60606,2450,261685
60606,2451,261691
60606,2453,261694
60606,2454,261697
60606,2461,261698
60606,2462,261919
60606,2463,262354
60606,2463,262355
60606,2464,265868
60606,2465,265898
60606,2466,239176
60606,2467,239253
60606,2474,269843
60606,2482,271609
60606,2490,283497
60606,2490,283510
60606,2494,247908
60606,2498,247939
60606,2505,260064
60606,2514,260096
60606,2527,250905
60606,2530,255622
60606,2531,255714
60606,2534,283473
60606,2537,260139
60606,2542,260161
60606,2547,273470
60606,2548,273476
60606,2558,274594
60606,2561,266020
60606,2584,275996
60606,2589,269788
60606,2592,269802
60606,2610,271589
60606,2614,271626
60606,2615,271801
60606,2617,273248
60606,2618,289228
60606,2629,289237
60606,2647,289322
60606,2741,266008
60606,2892,257107
60606,2894,257668
60606,2908,253252
60606,2936,253152
60616,2061,256908
60616,2063,262253
60616,2064,262257
60616,2065,262286
60616,2067,262298
60616,2068,262308
60616,2069,265027
60616,2070,265065
60616,2093,265474
60616,2094,265483
60616,2095,265711
60616,2096,265726
60616,2097,270956
60616,2098,270957
60616,2099,270959
60616,2100,270965
60616,2105,270971
60616,2106,270981
60616,2108,270985
60616,2109,270992
60616,2110,270995
60616,2111,270997
60616,2114,284203
60616,2127,261946
60616,2134,261956
60616,2153,261961
60616,2176,235107
60616,2179,236904
60616,2252,246505
60616,2279,247043
60616,2280,247068
60616,2283,247080
60616,2307,236604
60616,2338,241060
60616,2341,245995
60616,2342,242663
60616,2344,245792
60616,2345,245968
60616,2346,245873
60616,2356,246030
60616,2357,246081
60616,2358,246117
60616,2359,246146
60616,2371,246225
60616,2386,246548
60616,2388,246567
60616,2389,246825
60616,2392,246840
60616,2394,246850
60616,2395,246873
60616,2423,247100
60616,2424,247116
60616,2425,247174
60616,2426,247199
60616,2438,238429
60616,2442,239426
60616,2445,259561
60616,2449,259592
60616,2450,259610
60616,2451,259619
60616,2453,259641
60616,2454,259648
60616,2461,259651
60616,2462,259675
60616,2463,261835
60616,2464,261837
60616,2465,261840
60616,2466,241449
60616,2467,240447
60616,2467,240738
60616,2494,246165
60616,2498,246186
60616,2505,259460
60616,2506,259482
60616,2506,259483
60616,2514,259502
60616,2530,254333
60616,2531,254339
60616,2537,259512
60616,2542,259531
60616,2584,265071
60616,2701,239523
60616,2718,240339
60616,2741,261938
60616,2936,253805
60619,2061,235021
60619,2063,245376
60619,2063,245382
60619,2064,245402
60619,2065,245438
60619,2067,245461
60619,2068,245495
60619,2069,245524
60619,2070,245540
60619,2081,253782
60619,2081,253783
60619,2084,277223
60619,2084,277227
60619,2084,277228
60619,2084,277234
60619,2085,277254
60619,2085,277255
60619,2085,277260
60619,2085,277263
60619,2085,277265
60619,2085,277266
60619,2085,277280
60619,2085,277281
60619,2085,277282
60619,2085,277285
60619,2085,277286
60619,2085,277289
60619,2085,277294
60619,2085,277299
60619,2085,277303
60619,2085,277307
60619,2085,277308
60619,2085,277314
60619,2085,277316
60619,2085,277354
60619,2085,277356
60619,2086,277326
60619,2086,277328
60619,2086,277334
60619,2086,277341
60619,2086,277343
60619,2087,277964
60619,2087,277967
60619,2087,277969
60619,2087,277975
60619,2087,277976
60619,2087,277979
60619,2087,277980
60619,2087,277981
60619,2087,277982
60619,2087,277983
60619,2087,277984
60619,2087,277985
60619,2087,277986
60619,2087,277990
60619,2087,291638
60619,2087,291647
60619,2087,291648
60619,2087,291650
60619,2087,291651
60619,2087,291654
60619,2087,291656
60619,2087,291657
60619,2087,291660
60619,2087,291663
60619,2087,291668
60619,2087,291671
60619,2087,291685
60619,2088,291751
60619,2088,291890
60619,2088,291893
60619,2088,291894
60619,2088,291896
60619,2088,291897
60619,2088,291900
60619,2088,291903
60619,2088,291904
60619,2088,291905
60619,2088,291907
60619,2088,291911
60619,2088,291914
60619,2088,291915
60619,2088,291916
60619,2088,291917
60619,2088,291922
60619,2088,291924
60619,2088,291926
60619,2088,291930
60619,2089,295120
60619,2089,295121
60619,2089,295122
60619,2089,295123
60619,2089,295126
60619,2089,295127
60619,2089,295130
60619,2090,295133
60619,2090,295140
60619,2090,295145
60619,2090,295167
60619,2091,278056
60619,2091,278061
60619,2091,278064
60619,2091,278107
60619,2091,278200
60619,2091,291630
60619,2093,245604
60619,2093,245619
60619,2093,245620
60619,2094,245892
60619,2095,245918
60619,2096,245936
60619,2097,245983
60619,2097,245984
60619,2098,246006
60619,2099,246010
60619,2100,246028
60619,2103,278248
60619,2103,278258
60619,2103,278259
60619,2103,278263
60619,2103,278264
60619,2103,278265
60619,2103,278268
60619,2103,278269
60619,2104,295484
60619,2104,295485
60619,2104,295487
60619,2104,295488
60619,2104,295491
60619,2104,295493
60619,2104,295494
60619,2104,295499
60619,2104,295500
60619,2104,295504
60619,2105,246096
60619,2106,248645
60619,2108,246174
60619,2108,246179
60619,2109,246196
60619,2110,246223
60619,2111,246233
60619,2113,248007
60619,2114,248047
60619,2115,253033
60619,2115,278750
60619,2115,278935
60619,2115,278967
60619,2115,278970
60619,2116,248067
60619,2117,248091
60619,2119,248194
60619,2120,248235
60619,2121,248244
60619,2121,248248
60619,2121,248307
60619,2121,248326
60619,2122,248394
60619,2124,295178
60619,2124,295179
60619,2124,295185
60619,2124,295451
60619,2124,295465
60619,2124,295481
60619,2126,248457
60619,2127,245338
60619,2134,245354
60619,2139,295511
60619,2140,283815
60619,2141,261801
60619,2142,261809
60619,2145,261817
60619,2151,287825
60619,2152,257142
60619,2153,245365
60619,2153,245370
60619,2164,255338
60619,2168,275691
60619,2168,275692
60619,2169,263602
60619,2171,263605
60619,2172,263652
60619,2172,263689
60619,2173,263611
60619,2174,250953
60619,2174,250955
60619,2174,250956
60619,2174,250957
60619,2174,250960
60619,2174,250962
60619,2174,250966
60619,2174,250994
60619,2174,250996
60619,2174,250997
60619,2174,250998
60619,2174,251000
60619,2174,251003
60619,2174,251021
60619,2174,251026
60619,2174,251028
60619,2174,251029
60619,2174,251034
60619,2174,251035
60619,2174,278754
60619,2174,278756
60619,2174,278879
60619,2174,278881
60619,2174,278884
60619,2176,234865
60619,2176,234866
60619,2176,234867
60619,2176,234872
60619,2176,234873
60619,2176,234875
60619,2176,234887
60619,2176,234893
60619,2176,234913
60619,2177,281031
60619,2177,281033
60619,2177,281034
60619,2177,281036
60619,2177,281041
60619,2177,281042
60619,2177,281047
60619,2177,281048
60619,2177,281049
60619,2177,281050
60619,2177,281052
60619,2177,281055
60619,2177,281056
60619,2178,255111
60619,2179,234975
60619,2180,279021
60619,2180,279024
60619,2180,279039
60619,2181,259346
60619,2182,259384
60619,2183,259396
60619,2184,259404
60619,2185,259518
60619,2186,259559
60619,2186,259563
60619,2188,255260
60619,2190,255300
60619,2190,255303
60619,2190,255308
60619,2190,255310
60619,2190,255311
60619,2190,255322
60619,2190,255323
60619,2190,255328
60619,2190,255331
60619,2190,255335
60619,2193,235219
60619,2193,235253
60619,2193,235268
60619,2193,235347
60619,2196,280960
60619,2196,280961
60619,2196,280963
60619,2196,280964
60619,2196,280966
60619,2196,280968
60619,2196,280971
60619,2196,280972
60619,2196,280974
60619,2196,280975
60619,2196,280977
60619,2196,280979
60619,2196,280982
60619,2196,280983
60619,2196,280991
60619,2196,281005
60619,2196,281019
60619,2196,281026
60619,2196,281028
60619,2198,255370
60619,2198,255371
60619,2198,255372
60619,2198,255374
60619,2198,255386
60619,2198,255389
60619,2198,279044
60619,2198,279091
60619,2198,279099
60619,2198,279100
60619,2198,302408
60619,2198,302409
60619,2198,302410
60619,2198,302411
60619,2198,302412
60619,2199,280943
60619,2200,279075
60619,2200,279077
60619,2200,279080
60619,2200,279081
60619,2200,279084
60619,2209,236496
60619,2209,236499
60619,2209,236509
60619,2209,236516
60619,2209,236517
60619,2209,236518
60619,2209,236519
60619,2209,236522
60619,2209,236538
60619,2209,236539
60619,2211,237857
60619,2212,259636
60619,2236,268113
60619,2237,268126
60619,2237,268129
60619,2237,268133
60619,2252,241194
60619,2252,241196
60619,2252,241203
60619,2252,241217
60619,2253,268166
60619,2253,268170
60619,2253,268178
60619,2253,268187
60619,2253,268189
60619,2253,268193
60619,2266,286301
60619,2266,286303
60619,2266,286305
60619,2266,286311
60619,2266,286313
60619,2266,286315
60619,2266,286316
60619,2266,286321
60619,2266,286323
60619,2266,286324
60619,2266,286325
60619,2266,286327
60619,2266,286328
60619,2266,286329
60619,2266,286331
60619,2273,287594
60619,2273,287596
60619,2273,287600
60619,2273,287608
60619,2273,287610
60619,2273,287611
60619,2278,243018
60619,2279,243064
60619,2280,243080
60619,2283,243118
60619,2286,271214
60619,2288,271235
60619,2288,271553
60619,2288,271559
60619,2289,274931
60619,2289,274933
60619,2289,274934
60619,2291,274953
60619,2295,268085
60619,2295,268086
60619,2296,268101
60619,2296,268102
60619,2299,275780
60619,2299,275784
60619,2300,275861
60619,2300,275864
60619,2300,275865
60619,2300,275866
60619,2300,275878
60619,2300,285470
60619,2300,288343
60619,2300,288379
60619,2300,288380
60619,2300,288388
60619,2300,288396
60619,2300,288535
60619,2300,289600
60619,2300,289601
60619,2301,275795
60619,2304,265940
60619,2304,265943
60619,2304,265950
60619,2307,234914
60619,2307,234921
60619,2307,234923
60619,2308,265965
60619,2311,266129
60619,2311,266131
60619,2311,266135
60619,2311,266147
60619,2311,266153
60619,2312,266365
60619,2312,266370
60619,2312,266371
60619,2312,266374
60619,2312,287572
60619,2312,287583
60619,2315,266395
60619,2338,237866
60619,2339,237924
60619,2340,238330
60619,2341,239192
60619,2341,239207
60619,2342,237900
60619,2342,237901
60619,2342,237903
60619,2342,237909
60619,2344,237954
60619,2344,237955
60619,2344,237957
60619,2345,238884
60619,2345,238889
60619,2345,238903
60619,2345,238919
60619,2345,238921
60619,2346,238392
60619,2346,238394
60619,2346,238401
60619,2356,239395
60619,2356,239409
60619,2356,239416
60619,2356,239419
60619,2357,239278
60619,2358,240965
60619,2359,240982
60619,2371,241082
60619,2373,241112
60619,2378,285515
60619,2378,285517
60619,2378,285525
60619,2378,285526
60619,2383,270899
60619,2383,270900
60619,2383,270904
60619,2383,270909
60619,2383,270910
60619,2383,270926
60619,2383,270940
60619,2383,270951
60619,2383,270954
60619,2383,286040
60619,2383,286132
60619,2383,286178
60619,2383,286185
60619,2383,286205
60619,2383,286209
60619,2383,286211
60619,2383,286217
60619,2383,286218
60619,2383,286237
60619,2386,241239
60619,2387,256929
60619,2387,256940
60619,2387,256942
60619,2387,256943
60619,2387,256945
60619,2387,256946
60619,2387,256948
60619,2387,256952
60619,2387,256955
60619,2387,256957
60619,2387,256959
60619,2387,256960
60619,2387,256962
60619,2387,256971
60619,2388,241254
60619,2389,241259
60619,2389,241262
60619,2390,302418
60619,2390,302419
60619,2390,302421
60619,2390,302422
60619,2390,302424
60619,2390,302425
60619,2390,302428
60619,2390,302430
60619,2390,302431
60619,2390,302432
60619,2390,302434
60619,2390,302435
60619,2390,302436
60619,2390,302437
60619,2390,302438
60619,2390,302440
60619,2390,302441
60619,2390,302444
60619,2390,302446
60619,2392,241282
60619,2394,241322
60619,2394,241323
60619,2394,241324
60619,2395,242056
60619,2396,257038
60619,2396,257039
60619,2397,278891
60619,2397,278892
60619,2397,278893
60619,2397,278894
60619,2397,278895
60619,2397,278896
60619,2397,278897
60619,2397,278898
60619,2397,278899
60619,2397,278900
60619,2397,283766
60619,2397,283768
60619,2397,283771
60619,2397,302376
60619,2397,302378
60619,2397,302379
60619,2397,302380
60619,2397,302383
60619,2397,302384
60619,2397,302385
60619,2397,302387
60619,2397,302388
60619,2397,302389
60619,2397,302390
60619,2397,302391
60619,2397,302392
60619,2397,302393
60619,2397,302394
60619,2397,302395
60619,2397,302396
60619,2397,302397
60619,2397,302398
60619,2397,302399
60619,2397,302400
60619,2397,302401
60619,2397,302404
60619,2397,302406
60619,2397,302407
60619,2406,271020
60619,2406,271025
60619,2406,271030
60619,2406,271033
60619,2406,271034
60619,2406,289702
60619,2406,289819
60619,2406,289820
60619,2406,289821
60619,2406,289822
60619,2406,289826
60619,2406,289827
60619,2406,289828
60619,2406,289829
60619,2406,289831
60619,2406,289832
60619,2406,289833
60619,2412,302414
60619,2412,302415
60619,2412,302416
60619,2412,302417
60619,2415,288044
60619,2423,243135
60619,2424,243144
60619,2425,243163
60619,2426,243360
60619,2438,234998
60619,2439,266097
60619,2440,257113
60619,2441,257114
60619,2442,235016
60619,2444,257171
60619,2444,257173
60619,2445,251139
60619,2445,251147
60619,2449,251191
60619,2450,251258
60619,2451,251287
60619,2453,251291
60619,2453,251292
60619,2454,251299
60619,2461,251306
60619,2462,252765
60619,2463,252779
60619,2463,252784
60619,2464,252822
60619,2464,252824
60619,2465,252880
60619,2465,252886
60619,2465,252892
60619,2465,253104
60619,2465,253108
60619,2465,253117
60619,2466,236275
60619,2466,236290
60619,2466,236298
60619,2466,236308
60619,2466,236314
60619,2466,236336
60619,2467,237819
60619,2474,261305
60619,2482,261385
60619,2482,261386
60619,2482,261389
60619,2490,257018
60619,2494,240991
60619,2498,241013
60619,2505,250692
60619,2505,250695
60619,2506,250720
60619,2514,250731
60619,2527,242107
60619,2527,242109
60619,2530,253797
60619,2531,253802
60619,2534,257047
60619,2535,257081
60619,2537,250757
60619,2542,250777
60619,2547,263581
60619,2547,263583
60619,2548,263590
60619,2558,285452
60619,2558,285459
60619,2558,285462
60619,2558,285466
60619,2558,285468
60619,2561,259329
60619,2584,245554
60619,2589,259573
60619,2592,281088
60619,2592,281089
60619,2592,281090
60619,2592,281091
60619,2607,281121
60619,2607,281125
60619,2607,281126
60619,2610,261349
60619,2614,261395
60619,2615,261470
60619,2617,281138
60619,2618,281129
60619,2629,281149
60619,2629,281150
60619,2647,261715
60619,2701,235143
60619,2718,236045
60619,2718,236058
60619,2718,236067
60619,2718,236073
60619,2741,252916
60619,2892,255140
60619,2892,255141
60619,2892,255147
60619,2892,255149
60619,2892,255154
60619,2892,255156
60619,2892,255163
60619,2892,255180
60619,2892,255183
60619,2892,255186
60619,2892,255191
60619,2894,255287
60619,2908,253729
60619,2908,253730
60619,2908,253733
60619,2908,253738
60619,2908,253739
60619,2908,253741
60619,2908,253742
60619,2908,253745
60619,2908,253746
60619,2908,253748
60619,2908,253751
60619,2908,253752
60619,2908,253761
60619,2908,253762
60619,2908,253763
60619,2908,253764
60619,2936,253695
60619,2936,253703
60619,2936,253709
60619,2936,253712
60619,2936,253714
