60581,2061,240220,./60581/python_source/60581/2061/240220_result1582118550076.py
60581,2063,238546,./60581/python_source/60581/2063/238546_result1582093416587.py
60581,2064,238583,./60581/python_source/60581/2064/238583_result1582094129812.py
60581,2065,238639,./60581/python_source/60581/2065/238639_result1582095225248.py
60581,2067,238669,./60581/python_source/60581/2067/238669_result1582095763639.py
60581,2068,238704,./60581/python_source/60581/2068/238704_result1582096202639.py
60581,2069,238721,./60581/python_source/60581/2069/238721_result1582096424031.py
60581,2070,238807,./60581/python_source/60581/2070/238807_result1582097630778.py
60581,2080,234622,./60581/python_source/60581/2080/234622_result1581951263741.py
60581,2081,250265,./60581/python_source/60581/2081/250265_result1582463648814.py
60581,2086,283916,./60581/python_source/60581/2086/283916_result1584241224186.py
60581,2093,238915,./60581/python_source/60581/2093/238915_result1582099157791.py
60581,2094,239336,./60581/python_source/60581/2094/239336_result1582104718804.py
60581,2095,240265,./60581/python_source/60581/2095/240265_result1582119010615.py
60581,2096,240275,./60581/python_source/60581/2096/240275_result1582119142180.py
60581,2097,240331,./60581/python_source/60581/2097/240331_result1582119944055.py
60581,2098,242684,./60581/python_source/60581/2098/242684_result1582203786567.py
60581,2099,242749,./60581/python_source/60581/2099/242749_result1582204896725.py
60581,2100,242850,./60581/python_source/60581/2100/242850_result1582206408968.py
60581,2105,242981,./60581/python_source/60581/2105/242981_result1582245168484.py
60581,2106,242980,./60581/python_source/60581/2106/242980_result1582245157131.py
60581,2108,242979,./60581/python_source/60581/2108/242979_result1582245143182.py
60581,2109,243014,./60581/python_source/60581/2109/243014_result1582246405151.py
60581,2110,243028,./60581/python_source/60581/2110/243028_result1582246569286.py
60581,2111,243045,./60581/python_source/60581/2111/243045_result1582246987134.py
60581,2113,243112,./60581/python_source/60581/2113/243112_result1582248810504.py
60581,2114,243318,./60581/python_source/60581/2114/243318_result1582256650246.py
60581,2115,250029,./60581/python_source/60581/2115/250029_result1582458920369.py
60581,2116,243732,./60581/python_source/60581/2116/243732_result1582269684580.py
60581,2117,243754,./60581/python_source/60581/2117/243754_result1582270336387.py
60581,2119,243785,./60581/python_source/60581/2119/243785_result1582270946752.py
60581,2120,243845,./60581/python_source/60581/2120/243845_result1582271863878.py
60581,2121,243911,./60581/python_source/60581/2121/243911_result1582273485964.py
60581,2122,243939,./60581/python_source/60581/2122/243939_result1582274193619.py
60581,2126,244012,./60581/python_source/60581/2126/244012_result1582275474283.py
60581,2127,239341,./60581/python_source/60581/2127/239341_result1582104797816.py
60581,2134,237905,./60581/python_source/60581/2134/237905_result1582078400525.py
60581,2140,256514,./60581/python_source/60581/2140/256514_result1582725282545.py
60581,2141,256565,./60581/python_source/60581/2141/256565_result1582726503750.py
60581,2142,256582,./60581/python_source/60581/2142/256582_result1582727380252.py
60581,2145,256589,./60581/python_source/60581/2145/256589_result1582727700298.py
60581,2149,276424,./60581/python_source/60581/2149/276424_result1583672068877.py
60581,2152,260769,./60581/python_source/60581/2152/260769_result1582895388368.py
60581,2153,238542,./60581/python_source/60581/2153/238542_result1582093277312.py
60581,2164,252004,./60581/python_source/60581/2164/252004_result1582547116733.py
60581,2167,280368,./60581/python_source/60581/2167/280368_result1584020294833.py
60581,2169,258152,./60581/python_source/60581/2169/258152_result1582802482124.py
60581,2171,258173,./60581/python_source/60581/2171/258173_result1582802864299.py
60581,2173,258383,./60581/python_source/60581/2173/258383_result1582806443632.py
60581,2176,237848,./60581/python_source/60581/2176/237848_result1582076353057.py
60581,2181,253099,./60581/python_source/60581/2181/253099_result1582601328132.py
60581,2182,253047,./60581/python_source/60581/2182/253047_result1582600530010.py
60581,2183,253087,./60581/python_source/60581/2183/253087_result1582601149334.py
60581,2184,253153,./60581/python_source/60581/2184/253153_result1582602174330.py
60581,2185,253223,./60581/python_source/60581/2185/253223_result1582603270853.py
60581,2186,253737,./60581/python_source/60581/2186/253737_result1582619942747.py
60581,2188,251585,./60581/python_source/60581/2188/251585_result1582538207008.py
60581,2190,251970,./60581/python_source/60581/2190/251970_result1582546291721.py
60581,2199,252446,./60581/python_source/60581/2199/252446_result1582555549306.py
60581,2200,252658,./60581/python_source/60581/2200/252658_result1582559845727.py
60581,2209,236292,./60581/python_source/60581/2209/236292_result1582019087548.py
60581,2211,245687,./60581/python_source/60581/2211/245687_result1582343953938.py
60581,2212,254013,./60581/python_source/60581/2212/254013_result1582629752967.py
60581,2236,268715,./60581/python_source/60581/2236/268715_result1583210999175.py
60581,2237,269057,./60581/python_source/60581/2237/269057_result1583218633274.py
60581,2252,247593,./60581/python_source/60581/2252/247593_result1582379483260.py
60581,2253,269443,./60581/python_source/60581/2253/269443_result1583225516841.py
60581,2278,247886,./60581/python_source/60581/2278/247886_result1582384014941.py
60581,2279,248109,./60581/python_source/60581/2279/248109_result1582423949984.py
60581,2280,248118,./60581/python_source/60581/2280/248118_result1582424184489.py
60581,2283,248132,./60581/python_source/60581/2283/248132_result1582424327125.py
60581,2286,277253,./60581/python_source/60581/2286/277253_result1583743062238.py
60581,2288,277371,./60581/python_source/60581/2288/277371_result1583745687053.py
60581,2289,278006,./60581/python_source/60581/2289/278006_result1583806576159.py
60581,2291,278057,./60581/python_source/60581/2291/278057_result1583808569492.py
60581,2295,268315,./60581/python_source/60581/2295/268315_result1583204329065.py
60581,2296,268624,./60581/python_source/60581/2296/268624_result1583208779019.py
60581,2300,282295,./60581/python_source/60581/2300/282295_result1584159148464.py
60581,2301,283156,./60581/python_source/60581/2301/283156_result1584186247974.py
60581,2304,267545,./60581/python_source/60581/2304/267545_result1583155243402.py
60581,2307,234664,./60581/python_source/60581/2307/234664_result1581952592541.py
60581,2308,267701,./60581/python_source/60581/2308/267701_result1583157854744.py
60581,2312,267856,./60581/python_source/60581/2312/267856_result1583160466011.py
60581,2315,268236,./60581/python_source/60581/2315/268236_result1583203236883.py
60581,2338,245783,./60581/python_source/60581/2338/245783_result1582346602420.py
60581,2339,245838,./60581/python_source/60581/2339/245838_result1582347961736.py
60581,2340,246422,./60581/python_source/60581/2340/246422_result1582359714585.py
60581,2341,246756,./60581/python_source/60581/2341/246756_result1582365354847.py
60581,2342,246201,./60581/python_source/60581/2342/246201_result1582355801634.py
60581,2344,246347,./60581/python_source/60581/2344/246347_result1582358413510.py
60581,2345,246724,./60581/python_source/60581/2345/246724_result1582364794804.py
60581,2346,246711,./60581/python_source/60581/2346/246711_result1582364393734.py
60581,2356,247051,./60581/python_source/60581/2356/247051_result1582371870800.py
60581,2357,247070,./60581/python_source/60581/2357/247070_result1582372195706.py
60581,2358,247081,./60581/python_source/60581/2358/247081_result1582372431966.py
60581,2359,247277,./60581/python_source/60581/2359/247277_result1582375229321.py
60581,2371,247349,./60581/python_source/60581/2371/247349_result1582376229016.py
60581,2373,247496,./60581/python_source/60581/2373/247496_result1582378034294.py
60581,2386,247655,./60581/python_source/60581/2386/247655_result1582380288163.py
60581,2387,259277,./60581/python_source/60581/2387/259277_result1582853287715.py
60581,2388,247667,./60581/python_source/60581/2388/247667_result1582380570034.py
60581,2389,247702,./60581/python_source/60581/2389/247702_result1582380959199.py
60581,2392,247711,./60581/python_source/60581/2392/247711_result1582381164530.py
60581,2394,247719,./60581/python_source/60581/2394/247719_result1582381394768.py
60581,2395,247746,./60581/python_source/60581/2395/247746_result1582381649479.py
60581,2423,248140,./60581/python_source/60581/2423/248140_result1582424523357.py
60581,2424,248151,./60581/python_source/60581/2424/248151_result1582424663225.py
60581,2425,248168,./60581/python_source/60581/2425/248168_result1582424977968.py
60581,2426,248179,./60581/python_source/60581/2426/248179_result1582425135644.py
60581,2438,234724,./60581/python_source/60581/2438/234724_result1581954257141.py
60581,2440,260751,./60581/python_source/60581/2440/260751_result1582894747181.py
60581,2441,260755,./60581/python_source/60581/2441/260755_result1582894834986.py
60581,2442,234863,./60581/python_source/60581/2442/234863_result1581986492314.py
60581,2444,260826,./60581/python_source/60581/2444/260826_result1582896717828.py
60581,2445,248200,./60581/python_source/60581/2445/248200_result1582425623538.py
60581,2449,248210,./60581/python_source/60581/2449/248210_result1582425802355.py
60581,2450,248227,./60581/python_source/60581/2450/248227_result1582426057375.py
60581,2451,248263,./60581/python_source/60581/2451/248263_result1582426815954.py
60581,2453,248275,./60581/python_source/60581/2453/248275_result1582426935298.py
60581,2454,248283,./60581/python_source/60581/2454/248283_result1582427003869.py
60581,2461,248294,./60581/python_source/60581/2461/248294_result1582427173374.py
60581,2462,248329,./60581/python_source/60581/2462/248329_result1582427502603.py
60581,2463,248354,./60581/python_source/60581/2463/248354_result1582427878128.py
60581,2464,248378,./60581/python_source/60581/2464/248378_result1582428172027.py
60581,2465,248408,./60581/python_source/60581/2465/248408_result1582428657794.py
60581,2466,240438,./60581/python_source/60581/2466/240438_result1582121509329.py
60581,2467,240468,./60581/python_source/60581/2467/240468_result1582122040956.py
60581,2474,254164,./60581/python_source/60581/2474/254164_result1582633247201.py
60581,2482,254598,./60581/python_source/60581/2482/254598_result1582639782863.py
60581,2490,259556,./60581/python_source/60581/2490/259556_result1582858741815.py
60581,2494,247299,./60581/python_source/60581/2494/247299_result1582375528984.py
60581,2498,247313,./60581/python_source/60581/2498/247313_result1582375762020.py
60581,2505,244033,./60581/python_source/60581/2505/244033_result1582275691544.py
60581,2506,244971,./60581/python_source/60581/2506/244971_result1582294920705.py
60581,2514,245003,./60581/python_source/60581/2514/245003_result1582295618455.py
60581,2527,247830,./60581/python_source/60581/2527/247830_result1582382919552.py
60581,2530,250327,./60581/python_source/60581/2530/250327_result1582464629268.py
60581,2531,250346,./60581/python_source/60581/2531/250346_result1582465605981.py
60581,2534,259683,./60581/python_source/60581/2534/259683_result1582860853533.py
60581,2535,260745,./60581/python_source/60581/2535/260745_result1582894555382.py
60581,2537,245123,./60581/python_source/60581/2537/245123_result1582297844319.py
60581,2542,245047,./60581/python_source/60581/2542/245047_result1582296589921.py
60581,2547,256633,./60581/python_source/60581/2547/256633_result1582728802869.py
60581,2548,256669,./60581/python_source/60581/2548/256669_result1582729672271.py
60581,2558,258848,./60581/python_source/60581/2558/258848_result1582814508391.py
60581,2561,252881,./60581/python_source/60581/2561/252881_result1582597519545.py
60581,2584,238815,./60581/python_source/60581/2584/238815_result1582097753318.py
60581,2589,253784,./60581/python_source/60581/2589/253784_result1582621499480.py
60581,2607,254196,./60581/python_source/60581/2607/254196_result1582633881975.py
60581,2610,254459,./60581/python_source/60581/2610/254459_result1582637715904.py
60581,2614,254697,./60581/python_source/60581/2614/254697_result1582641391421.py
60581,2615,255131,./60581/python_source/60581/2615/255131_result1582681147712.py
60581,2617,256080,./60581/python_source/60581/2617/256080_result1582716991817.py
60581,2618,256089,./60581/python_source/60581/2618/256089_result1582717456174.py
60581,2629,256109,./60581/python_source/60581/2629/256109_result1582717889790.py
60581,2647,256399,./60581/python_source/60581/2647/256399_result1582722916129.py
60581,2701,235761,./60581/python_source/60581/2701/235761_result1582010379275.py
60581,2718,235911,./60581/python_source/60581/2718/235911_result1582012932250.py
60581,2741,249602,./60581/python_source/60581/2741/249602_result1582450359914.py
60581,2892,251467,./60581/python_source/60581/2892/251467_result1582535942635.py
60581,2894,251540,./60581/python_source/60581/2894/251540_result1582537198916.py
60581,2908,250186,./60581/python_source/60581/2908/250186_result1582462075745.py
60581,2936,250161,./60581/python_source/60581/2936/250161_result1582461580761.py
